state_link,total_link_count,total_count,percent_total
tx->tx,36778,602947,0.060997069
fl->fl,25903,602947,0.042960658
ca->ca,18745,602947,0.031088968
az->az,17539,602947,0.029088792
oh->oh,16305,602947,0.027042178
ia->ia,16171,602947,0.026819936
nv->nv,15852,602947,0.026290868
mi->mi,14552,602947,0.024134791
ga->ga,12338,602947,0.020462827
va->va,11993,602947,0.019890637
mn->mn,11869,602947,0.019684981
il->il,11791,602947,0.019555616
ny->ny,11772,602947,0.019524104
ca->wa,10549,602947,0.017495733
wa->wa,10057,602947,0.016679741
wi->wi,9693,602947,0.01607604
mo->mo,9379,602947,0.015555264
co->co,8737,602947,0.014490494
al->al,8429,602947,0.01397967
tn->tn,7989,602947,0.013249921
tx->wa,7771,602947,0.012888363
pa->pa,7694,602947,0.012760657
in->in,6902,602947,0.011447109
nj->nj,6603,602947,0.010951211
md->md,6531,602947,0.010831798
or->or,6435,602947,0.01067258
ny->wa,5925,602947,0.009826734
ar->ar,5790,602947,0.009602834
nm->nm,5613,602947,0.009309276
ak->ak,5424,602947,0.008995816
ky->ky,5243,602947,0.008695623
la->la,5119,602947,0.008489967
ne->ne,5040,602947,0.008358944
ut->ut,5036,602947,0.00835231
me->me,4984,602947,0.008266067
ms->ms,4930,602947,0.008176506
fl->wa,4875,602947,0.008085288
ks->ks,4799,602947,0.00795924
wv->va,4789,602947,0.007942655
il->wa,4563,602947,0.007567829
mo->wa,4477,602947,0.007425197
mt->mt,4103,602947,0.00680491
ok->ok,3953,602947,0.006556132
id->id,3935,602947,0.006526278
nc->nc,3918,602947,0.006498084
ma->ma,3735,602947,0.006194574
va->wa,3493,602947,0.005793212
de->de,3289,602947,0.005454874
nj->wa,3127,602947,0.005186194
pa->wa,3030,602947,0.005025317
ct->ct,3002,602947,0.004978879
ma->wa,2898,602947,0.004806393
hi->hi,2872,602947,0.004763271
nh->nh,2846,602947,0.00472015
az->wa,2781,602947,0.004612346
nd->nd,2640,602947,0.004378494
mn->wa,2504,602947,0.004152935
md->wa,2212,602947,0.003668647
vt->vt,2168,602947,0.003595673
sc->sc,2095,602947,0.003474601
wi->wa,1989,602947,0.003298797
oh->wa,1970,602947,0.003267286
tn->wa,1955,602947,0.003242408
wy->wy,1906,602947,0.00316114
ri->ri,1835,602947,0.003043385
nc->wa,1798,602947,0.00298202
ri->wa,1721,602947,0.002854314
ca->tx,1692,602947,0.002806217
sd->sd,1590,602947,0.002637048
ct->wa,1585,602947,0.002628755
mi->wa,1554,602947,0.002577341
ga->wa,1506,602947,0.002497732
mo->ks,1451,602947,0.002406513
in->wa,1332,602947,0.002209149
co->wa,1250,602947,0.002073151
or->wa,1163,602947,0.001928859
ky->wa,1106,602947,0.001834324
tx->ca,1027,602947,0.001703301
ny->tx,1009,602947,0.001673447
sc->wa,984,602947,0.001631984
mo->tx,962,602947,0.001595497
nm->wa,939,602947,0.001557351
nh->wa,924,602947,0.001532473
mo->ca,911,602947,0.001510912
ca->ga,904,602947,0.001499303
al->wa,904,602947,0.001499303
tx->ny,856,602947,0.001419694
mo->fl,813,602947,0.001348377
ca->fl,806,602947,0.001336768
ar->wa,793,602947,0.001315207
ia->wa,789,602947,0.001308573
ca->ia,783,602947,0.001298622
tx->ia,748,602947,0.001240573
vt->wa,739,602947,0.001225647
mo->ny,739,602947,0.001225647
nv->wa,711,602947,0.001179208
la->wa,709,602947,0.001175891
hi->wa,706,602947,0.001170916
nc->va,631,602947,0.001046526
ca->ny,614,602947,0.001018332
tx->ga,609,602947,0.001010039
il->tx,600,602947,9.95E-04
ny->ga,600,602947,9.95E-04
ca->va,593,602947,9.84E-04
tx->va,589,602947,9.77E-04
ny->fl,575,602947,9.54E-04
de->wa,574,602947,9.52E-04
ne->wa,555,602947,9.20E-04
fl->tx,547,602947,9.07E-04
ut->wa,544,602947,9.02E-04
tx->fl,541,602947,8.97E-04
mn->ia,509,602947,8.44E-04
ok->wa,492,602947,8.16E-04
ca->al,481,602947,7.98E-04
ma->tx,480,602947,7.96E-04
ny->va,463,602947,7.68E-04
ks->wa,455,602947,7.55E-04
mo->ga,436,602947,7.23E-04
ny->ca,434,602947,7.20E-04
ca->az,432,602947,7.16E-04
mo->va,425,602947,7.05E-04
wa->tx,409,602947,6.78E-04
tx->az,407,602947,6.75E-04
ms->wa,400,602947,6.63E-04
pr->wa,400,602947,6.63E-04
fl->ca,369,602947,6.12E-04
ca->mi,369,602947,6.12E-04
pa->de,359,602947,5.95E-04
nj->tx,359,602947,5.95E-04
wv->wa,355,602947,5.89E-04
il->ga,352,602947,5.84E-04
vt->ia,348,602947,5.77E-04
az->tx,341,602947,5.66E-04
ma->ia,337,602947,5.59E-04
ny->ia,331,602947,5.49E-04
ma->ga,331,602947,5.49E-04
nd->wa,331,602947,5.49E-04
wy->wa,330,602947,5.47E-04
dc->wa,328,602947,5.44E-04
pa->tx,324,602947,5.37E-04
ca->ak,322,602947,5.34E-04
fl->ga,317,602947,5.26E-04
ca->oh,313,602947,5.19E-04
mo->az,297,602947,4.93E-04
il->fl,293,602947,4.86E-04
va->tx,292,602947,4.84E-04
mo->mi,290,602947,4.81E-04
az->ca,289,602947,4.79E-04
tn->ga,287,602947,4.76E-04
fl->ny,277,602947,4.59E-04
va->fl,275,602947,4.56E-04
wa->ga,260,602947,4.31E-04
nc->tx,258,602947,4.28E-04
ny->de,256,602947,4.25E-04
md->ia,253,602947,4.20E-04
mo->al,252,602947,4.18E-04
tx->la,251,602947,4.16E-04
il->ca,249,602947,4.13E-04
nj->fl,247,602947,4.10E-04
mo->pa,246,602947,4.08E-04
mn->tx,246,602947,4.08E-04
ny->al,243,602947,4.03E-04
mi->tx,242,602947,4.01E-04
ca->co,238,602947,3.95E-04
ca->pa,238,602947,3.95E-04
nj->ga,236,602947,3.91E-04
ny->az,235,602947,3.90E-04
ca->wi,235,602947,3.90E-04
mo->ia,234,602947,3.88E-04
tx->al,232,602947,3.85E-04
nj->ny,228,602947,3.78E-04
ny->mi,226,602947,3.75E-04
mo->oh,220,602947,3.65E-04
or->tx,220,602947,3.65E-04
tx->mi,219,602947,3.63E-04
md->tx,217,602947,3.60E-04
ma->ca,213,602947,3.53E-04
me->wa,213,602947,3.53E-04
il->mi,211,602947,3.50E-04
mn->ga,208,602947,3.45E-04
fl->va,207,602947,3.43E-04
wa->ak,207,602947,3.43E-04
ct->tx,205,602947,3.40E-04
az->ny,205,602947,3.40E-04
tx->nv,202,602947,3.35E-04
ca->ms,200,602947,3.32E-04
il->ny,200,602947,3.32E-04
oh->tx,198,602947,3.28E-04
pa->va,195,602947,3.23E-04
sd->wa,195,602947,3.23E-04
mi->ga,194,602947,3.22E-04
wi->tx,193,602947,3.20E-04
ne->ia,192,602947,3.18E-04
nm->tx,191,602947,3.17E-04
ca->ky,190,602947,3.15E-04
tn->tx,185,602947,3.07E-04
ma->fl,185,602947,3.07E-04
il->va,185,602947,3.07E-04
wa->ca,184,602947,3.05E-04
ca->nv,184,602947,3.05E-04
va->ca,182,602947,3.02E-04
pa->ga,182,602947,3.02E-04
fl->az,181,602947,3.00E-04
co->ia,178,602947,2.95E-04
tn->ny,176,602947,2.92E-04
az->fl,175,602947,2.90E-04
tx->mo,175,602947,2.90E-04
ca->la,174,602947,2.89E-04
va->ny,173,602947,2.87E-04
co->tx,172,602947,2.85E-04
co->nh,171,602947,2.84E-04
tx->pa,171,602947,2.84E-04
hi->ga,171,602947,2.84E-04
vt->ca,171,602947,2.84E-04
mn->va,170,602947,2.82E-04
ca->me,167,602947,2.77E-04
pa->fl,164,602947,2.72E-04
mo->ms,163,602947,2.70E-04
tx->co,163,602947,2.70E-04
wa->or,162,602947,2.69E-04
nj->ia,161,602947,2.67E-04
az->ak,160,602947,2.65E-04
ga->tx,159,602947,2.64E-04
ma->va,159,602947,2.64E-04
ny->oh,158,602947,2.62E-04
ny->pa,158,602947,2.62E-04
va->ga,157,602947,2.60E-04
sc->ga,157,602947,2.60E-04
mo->il,157,602947,2.60E-04
nj->ak,154,602947,2.55E-04
tn->ca,154,602947,2.55E-04
mo->md,153,602947,2.54E-04
nj->ca,152,602947,2.52E-04
pa->ny,152,602947,2.52E-04
mn->nh,152,602947,2.52E-04
il->al,151,602947,2.50E-04
nv->tx,149,602947,2.47E-04
or->ga,149,602947,2.47E-04
mo->ar,148,602947,2.45E-04
ar->ga,148,602947,2.45E-04
mo->tn,144,602947,2.39E-04
ct->ga,143,602947,2.37E-04
vt->tx,142,602947,2.36E-04
tx->oh,142,602947,2.36E-04
ma->ny,142,602947,2.36E-04
pa->ca,142,602947,2.36E-04
mn->ca,141,602947,2.34E-04
hi->tx,140,602947,2.32E-04
mn->mi,140,602947,2.32E-04
ma->al,140,602947,2.32E-04
ca->in,139,602947,2.31E-04
mn->fl,139,602947,2.31E-04
mo->nv,138,602947,2.29E-04
ny->me,137,602947,2.27E-04
tx->me,137,602947,2.27E-04
il->az,137,602947,2.27E-04
oh->ga,136,602947,2.26E-04
oh->ny,135,602947,2.24E-04
ca->hi,134,602947,2.22E-04
nc->ca,134,602947,2.22E-04
oh->ia,134,602947,2.22E-04
mo->wi,133,602947,2.21E-04
mt->wa,133,602947,2.21E-04
fl->al,132,602947,2.19E-04
nc->fl,132,602947,2.19E-04
tn->fl,131,602947,2.17E-04
az->ga,131,602947,2.17E-04
az->co,131,602947,2.17E-04
nc->ga,130,602947,2.16E-04
tx->ky,130,602947,2.16E-04
ca->ks,130,602947,2.16E-04
oh->fl,129,602947,2.14E-04
ga->fl,128,602947,2.12E-04
ga->ca,127,602947,2.11E-04
wi->mi,127,602947,2.11E-04
fl->mi,127,602947,2.11E-04
ia->ca,127,602947,2.11E-04
ca->nc,127,602947,2.11E-04
tx->mn,126,602947,2.09E-04
nj->al,126,602947,2.09E-04
hi->fl,125,602947,2.07E-04
nc->ny,125,602947,2.07E-04
ma->nv,125,602947,2.07E-04
la->tx,125,602947,2.07E-04
wa->al,124,602947,2.06E-04
vt->ny,124,602947,2.06E-04
tx->ms,123,602947,2.04E-04
ca->sc,123,602947,2.04E-04
ma->mi,122,602947,2.02E-04
mo->mn,122,602947,2.02E-04
al->tx,121,602947,2.01E-04
wi->ga,121,602947,2.01E-04
pa->al,120,602947,1.99E-04
mi->ny,119,602947,1.97E-04
md->ga,119,602947,1.97E-04
ar->ca,119,602947,1.97E-04
md->va,119,602947,1.97E-04
nv->ca,118,602947,1.96E-04
fl->ia,118,602947,1.96E-04
va->al,118,602947,1.96E-04
ny->wi,118,602947,1.96E-04
il->ia,118,602947,1.96E-04
ny->la,117,602947,1.94E-04
ca->ok,116,602947,1.92E-04
id->wa,116,602947,1.92E-04
il->ms,116,602947,1.92E-04
tx->ok,116,602947,1.92E-04
mo->or,115,602947,1.91E-04
mi->ia,115,602947,1.91E-04
va->md,115,602947,1.91E-04
mn->ms,115,602947,1.91E-04
oh->ca,115,602947,1.91E-04
co->ga,115,602947,1.91E-04
ri->tx,114,602947,1.89E-04
oh->mi,114,602947,1.89E-04
ny->ky,114,602947,1.89E-04
mo->nc,113,602947,1.87E-04
wa->fl,113,602947,1.87E-04
ny->nj,112,602947,1.86E-04
mi->ca,110,602947,1.82E-04
wa->ia,110,602947,1.82E-04
mo->in,109,602947,1.81E-04
il->wi,109,602947,1.81E-04
il->oh,109,602947,1.81E-04
mi->al,109,602947,1.81E-04
wa->va,109,602947,1.81E-04
ny->ms,109,602947,1.81E-04
ca->mo,109,602947,1.81E-04
vt->mi,108,602947,1.79E-04
ca->mn,108,602947,1.79E-04
ca->md,108,602947,1.79E-04
nj->va,108,602947,1.79E-04
mo->ky,108,602947,1.79E-04
ma->nh,107,602947,1.77E-04
tx->wi,107,602947,1.77E-04
wi->ia,106,602947,1.76E-04
wi->fl,106,602947,1.76E-04
ct->fl,106,602947,1.76E-04
mn->ny,106,602947,1.76E-04
wv->oh,105,602947,1.74E-04
hi->ia,105,602947,1.74E-04
in->tx,104,602947,1.72E-04
md->fl,104,602947,1.72E-04
sd->mo,104,602947,1.72E-04
al->tn,104,602947,1.72E-04
mo->co,103,602947,1.71E-04
or->ca,103,602947,1.71E-04
ny->co,102,602947,1.69E-04
la->ny,101,602947,1.68E-04
mn->al,101,602947,1.68E-04
mo->la,100,602947,1.66E-04
ga->ny,100,602947,1.66E-04
pa->in,100,602947,1.66E-04
mi->va,100,602947,1.66E-04
tn->va,99,602947,1.64E-04
pa->mi,99,602947,1.64E-04
sc->tx,98,602947,1.63E-04
co->ca,98,602947,1.63E-04
oh->de,97,602947,1.61E-04
az->ut,96,602947,1.59E-04
la->fl,96,602947,1.59E-04
mi->fl,95,602947,1.58E-04
pa->oh,95,602947,1.58E-04
ca->il,94,602947,1.56E-04
pr->fl,93,602947,1.54E-04
mn->wi,93,602947,1.54E-04
tx->tn,93,602947,1.54E-04
il->me,92,602947,1.53E-04
mo->me,92,602947,1.53E-04
md->ca,92,602947,1.53E-04
ky->ca,92,602947,1.53E-04
vt->fl,91,602947,1.51E-04
ca->or,91,602947,1.51E-04
ny->mo,91,602947,1.51E-04
ar->ia,90,602947,1.49E-04
mo->nj,90,602947,1.49E-04
nj->ms,90,602947,1.49E-04
ga->va,90,602947,1.49E-04
ky->tx,90,602947,1.49E-04
tx->ks,89,602947,1.48E-04
ny->nv,89,602947,1.48E-04
tx->in,89,602947,1.48E-04
il->in,89,602947,1.48E-04
ar->tx,89,602947,1.48E-04
ca->nm,89,602947,1.48E-04
mo->ak,89,602947,1.48E-04
wi->mn,88,602947,1.46E-04
nh->tx,88,602947,1.46E-04
wi->ca,87,602947,1.44E-04
nm->ga,87,602947,1.44E-04
vi->wa,87,602947,1.44E-04
ar->ny,87,602947,1.44E-04
vt->al,87,602947,1.44E-04
wa->ny,86,602947,1.43E-04
ca->tn,86,602947,1.43E-04
ny->nc,86,602947,1.43E-04
la->ga,85,602947,1.41E-04
wi->ny,85,602947,1.41E-04
mo->hi,85,602947,1.41E-04
fl->co,84,602947,1.39E-04
ny->mn,84,602947,1.39E-04
ky->va,84,602947,1.39E-04
il->la,84,602947,1.39E-04
ma->me,84,602947,1.39E-04
nj->mi,84,602947,1.39E-04
tx->nc,84,602947,1.39E-04
il->co,83,602947,1.38E-04
ga->al,83,602947,1.38E-04
or->fl,83,602947,1.38E-04
vt->nh,83,602947,1.38E-04
ca->ut,83,602947,1.38E-04
ri->fl,82,602947,1.36E-04
hi->mi,82,602947,1.36E-04
tx->ut,82,602947,1.36E-04
nj->de,82,602947,1.36E-04
sc->fl,82,602947,1.36E-04
oh->va,82,602947,1.36E-04
tx->md,82,602947,1.36E-04
nm->ak,81,602947,1.34E-04
nm->ca,81,602947,1.34E-04
tx->nm,80,602947,1.33E-04
nm->az,80,602947,1.33E-04
in->ca,80,602947,1.33E-04
mi->oh,80,602947,1.33E-04
tx->il,79,602947,1.31E-04
ky->ia,79,602947,1.31E-04
md->al,79,602947,1.31E-04
wa->ms,78,602947,1.29E-04
ma->az,78,602947,1.29E-04
ma->mn,78,602947,1.29E-04
hi->ca,77,602947,1.28E-04
az->va,77,602947,1.28E-04
ma->ms,77,602947,1.28E-04
nm->co,77,602947,1.28E-04
ca->nj,76,602947,1.26E-04
ma->oh,76,602947,1.26E-04
ky->fl,76,602947,1.26E-04
al->ga,75,602947,1.24E-04
vt->ga,75,602947,1.24E-04
wa->mi,75,602947,1.24E-04
tx->ak,75,602947,1.24E-04
in->va,75,602947,1.24E-04
ct->ca,75,602947,1.24E-04
tn->ia,75,602947,1.24E-04
nj->nv,75,602947,1.24E-04
md->ny,75,602947,1.24E-04
in->ga,75,602947,1.24E-04
la->ca,75,602947,1.24E-04
ma->sc,74,602947,1.23E-04
hi->ny,74,602947,1.23E-04
or->ak,74,602947,1.23E-04
ca->ar,74,602947,1.23E-04
il->ky,74,602947,1.23E-04
az->mi,72,602947,1.19E-04
ky->oh,72,602947,1.19E-04
tx->sc,72,602947,1.19E-04
la->va,71,602947,1.18E-04
de->ca,71,602947,1.18E-04
fl->la,71,602947,1.18E-04
hi->al,71,602947,1.18E-04
tx->ma,71,602947,1.18E-04
sc->ny,71,602947,1.18E-04
ca->id,71,602947,1.18E-04
fl->oh,70,602947,1.16E-04
wi->va,70,602947,1.16E-04
va->az,70,602947,1.16E-04
or->va,70,602947,1.16E-04
az->mn,70,602947,1.16E-04
oh->al,70,602947,1.16E-04
vt->nv,70,602947,1.16E-04
pa->ia,69,602947,1.14E-04
ny->hi,69,602947,1.14E-04
tx->de,69,602947,1.14E-04
wi->az,69,602947,1.14E-04
ct->mi,69,602947,1.14E-04
mn->nv,69,602947,1.14E-04
il->nv,69,602947,1.14E-04
ri->ca,68,602947,1.13E-04
ny->ks,68,602947,1.13E-04
nj->oh,68,602947,1.13E-04
ne->ca,68,602947,1.13E-04
ia->il,68,602947,1.13E-04
va->mi,68,602947,1.13E-04
ct->va,68,602947,1.13E-04
ga->az,67,602947,1.11E-04
va->nc,67,602947,1.11E-04
pa->az,67,602947,1.11E-04
va->me,67,602947,1.11E-04
fl->pa,66,602947,1.09E-04
ca->mt,66,602947,1.09E-04
hi->ak,66,602947,1.09E-04
tn->ms,66,602947,1.09E-04
tx->or,66,602947,1.09E-04
or->ia,66,602947,1.09E-04
sc->ca,66,602947,1.09E-04
ny->il,65,602947,1.08E-04
tx->mt,65,602947,1.08E-04
tn->ky,65,602947,1.08E-04
ny->md,65,602947,1.08E-04
sc->va,65,602947,1.08E-04
wi->al,65,602947,1.08E-04
nv->ga,65,602947,1.08E-04
il->ak,65,602947,1.08E-04
mo->ok,64,602947,1.06E-04
mo->sc,64,602947,1.06E-04
wa->az,64,602947,1.06E-04
mo->ut,64,602947,1.06E-04
ak->wa,63,602947,1.04E-04
in->ny,63,602947,1.04E-04
ct->ny,62,602947,1.03E-04
va->ia,62,602947,1.03E-04
az->ia,62,602947,1.03E-04
ca->nh,62,602947,1.03E-04
ky->ny,62,602947,1.03E-04
hi->wi,62,602947,1.03E-04
mn->ak,61,602947,1.01E-04
ma->ak,61,602947,1.01E-04
tx->hi,61,602947,1.01E-04
tx->nh,61,602947,1.01E-04
nj->az,61,602947,1.01E-04
nv->va,61,602947,1.01E-04
hi->az,60,602947,9.95E-05
ia->tx,60,602947,9.95E-05
fl->me,60,602947,9.95E-05
oh->ky,60,602947,9.95E-05
az->pa,59,602947,9.79E-05
ny->ok,59,602947,9.79E-05
ks->tx,59,602947,9.79E-05
nj->sc,59,602947,9.79E-05
al->fl,59,602947,9.79E-05
co->ny,59,602947,9.79E-05
il->pa,59,602947,9.79E-05
ia->ga,59,602947,9.79E-05
wa->la,58,602947,9.62E-05
fl->wi,58,602947,9.62E-05
mo->mt,58,602947,9.62E-05
tx->nj,58,602947,9.62E-05
sc->al,58,602947,9.62E-05
nj->la,58,602947,9.62E-05
mo->de,58,602947,9.62E-05
nj->me,58,602947,9.62E-05
ny->ak,58,602947,9.62E-05
vt->va,58,602947,9.62E-05
oh->pa,57,602947,9.45E-05
co->az,57,602947,9.45E-05
mn->az,57,602947,9.45E-05
wa->co,57,602947,9.45E-05
wa->id,57,602947,9.45E-05
tn->me,57,602947,9.45E-05
mn->oh,57,602947,9.45E-05
co->al,56,602947,9.29E-05
vt->sc,56,602947,9.29E-05
va->ok,56,602947,9.29E-05
or->al,56,602947,9.29E-05
al->ny,56,602947,9.29E-05
ma->co,56,602947,9.29E-05
al->ca,56,602947,9.29E-05
tx->ar,56,602947,9.29E-05
fl->wy,55,602947,9.12E-05
in->il,55,602947,9.12E-05
nj->pa,55,602947,9.12E-05
oh->in,55,602947,9.12E-05
la->ia,55,602947,9.12E-05
ok->tx,55,602947,9.12E-05
ms->al,55,602947,9.12E-05
ma->ky,54,602947,8.96E-05
ca->ne,54,602947,8.96E-05
ia->ms,54,602947,8.96E-05
va->co,54,602947,8.96E-05
de->tx,54,602947,8.96E-05
oh->az,54,602947,8.96E-05
ct->al,54,602947,8.96E-05
wa->ks,54,602947,8.96E-05
ca->ma,53,602947,8.79E-05
la->ms,53,602947,8.79E-05
vt->ks,53,602947,8.79E-05
il->mn,53,602947,8.79E-05
wa->in,53,602947,8.79E-05
co->ar,53,602947,8.79E-05
mo->ct,53,602947,8.79E-05
mi->mn,53,602947,8.79E-05
mn->pa,53,602947,8.79E-05
al->va,53,602947,8.79E-05
ny->ar,53,602947,8.79E-05
tn->al,52,602947,8.62E-05
co->fl,52,602947,8.62E-05
ca->ct,52,602947,8.62E-05
ut->tx,52,602947,8.62E-05
va->pa,51,602947,8.46E-05
co->va,51,602947,8.46E-05
nj->wi,51,602947,8.46E-05
wa->hi,51,602947,8.46E-05
vt->az,51,602947,8.46E-05
vt->wi,51,602947,8.46E-05
ma->ok,51,602947,8.46E-05
va->ak,51,602947,8.46E-05
ma->wi,51,602947,8.46E-05
ca->de,51,602947,8.46E-05
ri->ga,51,602947,8.46E-05
il->ks,50,602947,8.29E-05
ny->in,50,602947,8.29E-05
wv->tx,50,602947,8.29E-05
ny->nh,50,602947,8.29E-05
az->al,50,602947,8.29E-05
mi->ky,49,602947,8.13E-05
va->oh,49,602947,8.13E-05
wa->mn,49,602947,8.13E-05
mo->ma,49,602947,8.13E-05
nv->fl,49,602947,8.13E-05
il->md,48,602947,7.96E-05
pa->wi,48,602947,7.96E-05
me->tx,48,602947,7.96E-05
nc->ia,48,602947,7.96E-05
mp->wa,48,602947,7.96E-05
ia->ny,48,602947,7.96E-05
or->ny,48,602947,7.96E-05
ar->va,48,602947,7.96E-05
tn->az,48,602947,7.96E-05
wi->oh,48,602947,7.96E-05
nv->co,48,602947,7.96E-05
fl->ky,47,602947,7.80E-05
fl->mn,47,602947,7.80E-05
nc->al,47,602947,7.80E-05
mn->la,47,602947,7.80E-05
il->nc,47,602947,7.80E-05
ny->sc,47,602947,7.80E-05
pa->ky,46,602947,7.63E-05
ma->la,46,602947,7.63E-05
ne->tx,46,602947,7.63E-05
pa->co,46,602947,7.63E-05
nh->me,46,602947,7.63E-05
ia->mo,46,602947,7.63E-05
fl->md,45,602947,7.46E-05
ne->fl,45,602947,7.46E-05
az->nv,45,602947,7.46E-05
ky->ga,45,602947,7.46E-05
pa->me,45,602947,7.46E-05
wi->il,45,602947,7.46E-05
va->ks,45,602947,7.46E-05
wy->tx,45,602947,7.46E-05
sc->ia,44,602947,7.30E-05
fl->in,44,602947,7.30E-05
ny->ct,44,602947,7.30E-05
la->al,44,602947,7.30E-05
nm->fl,44,602947,7.30E-05
ms->tx,44,602947,7.30E-05
fl->ak,44,602947,7.30E-05
in->fl,44,602947,7.30E-05
pa->la,43,602947,7.13E-05
va->in,43,602947,7.13E-05
nh->ma,43,602947,7.13E-05
nc->sc,43,602947,7.13E-05
la->nh,43,602947,7.13E-05
sc->nc,43,602947,7.13E-05
va->la,43,602947,7.13E-05
fl->ms,43,602947,7.13E-05
ct->az,42,602947,6.97E-05
ca->vt,42,602947,6.97E-05
md->az,42,602947,6.97E-05
oh->me,42,602947,6.97E-05
mi->la,42,602947,6.97E-05
ut->ca,42,602947,6.97E-05
ma->in,42,602947,6.97E-05
hi->va,41,602947,6.80E-05
md->mi,41,602947,6.80E-05
pa->md,41,602947,6.80E-05
vt->co,41,602947,6.80E-05
ny->ma,41,602947,6.80E-05
wa->nv,41,602947,6.80E-05
ky->mt,41,602947,6.80E-05
az->me,41,602947,6.80E-05
pa->ms,41,602947,6.80E-05
ct->ak,40,602947,6.63E-05
ny->or,40,602947,6.63E-05
va->ky,40,602947,6.63E-05
de->ga,40,602947,6.63E-05
fl->tn,40,602947,6.63E-05
mi->co,40,602947,6.63E-05
ms->la,40,602947,6.63E-05
vt->pa,40,602947,6.63E-05
pa->ks,39,602947,6.47E-05
tx->id,39,602947,6.47E-05
ri->va,39,602947,6.47E-05
il->ut,39,602947,6.47E-05
ma->mo,39,602947,6.47E-05
de->al,39,602947,6.47E-05
ma->nc,39,602947,6.47E-05
pa->wy,39,602947,6.47E-05
fl->ut,39,602947,6.47E-05
la->mi,39,602947,6.47E-05
nm->ia,39,602947,6.47E-05
wi->ms,39,602947,6.47E-05
in->mi,39,602947,6.47E-05
mo->nm,39,602947,6.47E-05
in->de,39,602947,6.47E-05
mn->mo,38,602947,6.30E-05
mn->co,38,602947,6.30E-05
ar->ms,38,602947,6.30E-05
al->az,38,602947,6.30E-05
wi->me,38,602947,6.30E-05
ny->ut,38,602947,6.30E-05
or->az,38,602947,6.30E-05
tn->pa,38,602947,6.30E-05
mi->az,38,602947,6.30E-05
ia->de,38,602947,6.30E-05
ms->ga,38,602947,6.30E-05
wa->me,38,602947,6.30E-05
nj->ky,38,602947,6.30E-05
ny->wy,37,602947,6.14E-05
nj->nh,37,602947,6.14E-05
mi->in,37,602947,6.14E-05
oh->la,37,602947,6.14E-05
il->sc,37,602947,6.14E-05
nd->mn,37,602947,6.14E-05
vt->mn,37,602947,6.14E-05
az->oh,37,602947,6.14E-05
vt->in,37,602947,6.14E-05
hi->nh,36,602947,5.97E-05
vt->oh,36,602947,5.97E-05
ct->me,36,602947,5.97E-05
az->wi,36,602947,5.97E-05
mi->wi,36,602947,5.97E-05
la->pa,36,602947,5.97E-05
vt->ky,36,602947,5.97E-05
ut->ny,36,602947,5.97E-05
il->ar,36,602947,5.97E-05
ri->ny,36,602947,5.97E-05
mo->sd,36,602947,5.97E-05
va->wi,36,602947,5.97E-05
ny->tn,36,602947,5.97E-05
nh->ga,35,602947,5.80E-05
ma->ct,35,602947,5.80E-05
nj->nc,35,602947,5.80E-05
ut->va,35,602947,5.80E-05
nc->oh,35,602947,5.80E-05
il->mo,35,602947,5.80E-05
nv->az,35,602947,5.80E-05
in->ia,34,602947,5.64E-05
il->hi,34,602947,5.64E-05
md->nh,34,602947,5.64E-05
il->or,34,602947,5.64E-05
mn->ky,34,602947,5.64E-05
nh->ca,34,602947,5.64E-05
ms->ca,34,602947,5.64E-05
fl->ks,34,602947,5.64E-05
hi->ks,34,602947,5.64E-05
ma->pa,34,602947,5.64E-05
ga->ia,34,602947,5.64E-05
az->ms,33,602947,5.47E-05
oh->nh,33,602947,5.47E-05
wa->wi,33,602947,5.47E-05
oh->sc,33,602947,5.47E-05
nc->me,33,602947,5.47E-05
hi->ms,33,602947,5.47E-05
il->ok,33,602947,5.47E-05
ar->az,33,602947,5.47E-05
md->ak,33,602947,5.47E-05
ia->fl,33,602947,5.47E-05
ri->al,33,602947,5.47E-05
ne->ga,33,602947,5.47E-05
ny->mt,33,602947,5.47E-05
ri->az,33,602947,5.47E-05
wa->nc,33,602947,5.47E-05
ct->ia,32,602947,5.31E-05
wa->mo,32,602947,5.31E-05
ma->ar,32,602947,5.31E-05
ut->ga,32,602947,5.31E-05
mi->il,32,602947,5.31E-05
md->oh,32,602947,5.31E-05
hi->mt,32,602947,5.31E-05
mn->ok,32,602947,5.31E-05
fl->de,32,602947,5.31E-05
tx->ct,32,602947,5.31E-05
ny->vt,32,602947,5.31E-05
ri->mi,32,602947,5.31E-05
nm->ks,31,602947,5.14E-05
ut->fl,31,602947,5.14E-05
fl->il,31,602947,5.14E-05
ne->va,31,602947,5.14E-05
mi->pa,31,602947,5.14E-05
pa->mn,31,602947,5.14E-05
mi->me,31,602947,5.14E-05
in->oh,31,602947,5.14E-05
mi->nv,31,602947,5.14E-05
ct->oh,31,602947,5.14E-05
nd->mo,31,602947,5.14E-05
mn->me,31,602947,5.14E-05
mt->tx,31,602947,5.14E-05
nv->ia,31,602947,5.14E-05
nj->ks,31,602947,5.14E-05
sd->ia,31,602947,5.14E-05
wa->oh,31,602947,5.14E-05
il->tn,31,602947,5.14E-05
ok->va,31,602947,5.14E-05
ia->va,30,602947,4.98E-05
tn->oh,30,602947,4.98E-05
oh->mn,30,602947,4.98E-05
il->nj,30,602947,4.98E-05
md->wi,30,602947,4.98E-05
va->ms,30,602947,4.98E-05
sc->az,30,602947,4.98E-05
wi->pa,30,602947,4.98E-05
wa->ky,30,602947,4.98E-05
nh->al,30,602947,4.98E-05
mn->in,30,602947,4.98E-05
ga->la,30,602947,4.98E-05
pa->sc,30,602947,4.98E-05
nc->az,30,602947,4.98E-05
nm->ut,30,602947,4.98E-05
nm->va,30,602947,4.98E-05
ct->pa,30,602947,4.98E-05
oh->or,30,602947,4.98E-05
nj->ct,30,602947,4.98E-05
nh->fl,30,602947,4.98E-05
pa->nc,30,602947,4.98E-05
ia->in,30,602947,4.98E-05
nd->tx,29,602947,4.81E-05
nc->ms,29,602947,4.81E-05
va->mo,29,602947,4.81E-05
va->il,29,602947,4.81E-05
or->id,29,602947,4.81E-05
nc->mi,29,602947,4.81E-05
nj->co,29,602947,4.81E-05
mo->vt,29,602947,4.81E-05
ny->id,29,602947,4.81E-05
wy->ga,29,602947,4.81E-05
co->ms,29,602947,4.81E-05
nh->la,29,602947,4.81E-05
pa->ak,29,602947,4.81E-05
dc->md,29,602947,4.81E-05
pa->mo,29,602947,4.81E-05
tn->nc,29,602947,4.81E-05
nm->mi,28,602947,4.64E-05
ok->ga,28,602947,4.64E-05
al->ia,28,602947,4.64E-05
mo->nh,28,602947,4.64E-05
ky->me,28,602947,4.64E-05
ok->ca,28,602947,4.64E-05
pa->nj,28,602947,4.64E-05
ne->ny,28,602947,4.64E-05
ma->il,28,602947,4.64E-05
sc->oh,28,602947,4.64E-05
va->mn,28,602947,4.64E-05
ks->ca,28,602947,4.64E-05
wa->pa,28,602947,4.64E-05
ga->pa,28,602947,4.64E-05
nj->mo,28,602947,4.64E-05
va->ct,28,602947,4.64E-05
ks->ia,28,602947,4.64E-05
tx->vt,28,602947,4.64E-05
az->mt,28,602947,4.64E-05
mo->ne,28,602947,4.64E-05
ky->wy,27,602947,4.48E-05
ky->co,27,602947,4.48E-05
va->mt,27,602947,4.48E-05
ok->ny,27,602947,4.48E-05
nj->in,27,602947,4.48E-05
ks->ga,27,602947,4.48E-05
md->ks,27,602947,4.48E-05
ct->co,27,602947,4.48E-05
tn->in,27,602947,4.48E-05
wv->ny,27,602947,4.48E-05
tn->la,27,602947,4.48E-05
hi->pa,27,602947,4.48E-05
tn->ak,27,602947,4.48E-05
ri->ak,27,602947,4.48E-05
mi->ms,27,602947,4.48E-05
az->de,27,602947,4.48E-05
pa->tn,27,602947,4.48E-05
nm->al,27,602947,4.48E-05
md->me,27,602947,4.48E-05
ga->mn,27,602947,4.48E-05
nm->nv,27,602947,4.48E-05
wi->mo,27,602947,4.48E-05
az->nm,27,602947,4.48E-05
tn->or,26,602947,4.31E-05
ga->mi,26,602947,4.31E-05
md->ms,26,602947,4.31E-05
nc->la,26,602947,4.31E-05
tx->ne,26,602947,4.31E-05
nc->co,26,602947,4.31E-05
or->ky,26,602947,4.31E-05
md->co,26,602947,4.31E-05
sc->la,26,602947,4.31E-05
nh->va,26,602947,4.31E-05
oh->wi,26,602947,4.31E-05
oh->md,26,602947,4.31E-05
mo->wy,26,602947,4.31E-05
fl->mo,26,602947,4.31E-05
or->oh,26,602947,4.31E-05
mn->nc,26,602947,4.31E-05
hi->oh,26,602947,4.31E-05
nj->il,26,602947,4.31E-05
az->or,26,602947,4.31E-05
in->az,26,602947,4.31E-05
il->mt,26,602947,4.31E-05
or->co,26,602947,4.31E-05
nv->me,26,602947,4.31E-05
wa->mt,26,602947,4.31E-05
ms->fl,25,602947,4.15E-05
nv->al,25,602947,4.15E-05
az->nj,25,602947,4.15E-05
md->in,25,602947,4.15E-05
ri->co,25,602947,4.15E-05
ga->ms,25,602947,4.15E-05
va->nv,25,602947,4.15E-05
ma->md,25,602947,4.15E-05
oh->nv,25,602947,4.15E-05
ma->or,25,602947,4.15E-05
md->pa,25,602947,4.15E-05
mn->or,25,602947,4.15E-05
nj->ok,25,602947,4.15E-05
nj->or,25,602947,4.15E-05
fl->ok,25,602947,4.15E-05
vt->or,25,602947,4.15E-05
or->wi,25,602947,4.15E-05
nj->mt,25,602947,4.15E-05
nv->ms,25,602947,4.15E-05
tx->wy,25,602947,4.15E-05
ut->co,25,602947,4.15E-05
nc->pa,25,602947,4.15E-05
ks->va,25,602947,4.15E-05
ga->co,25,602947,4.15E-05
va->hi,24,602947,3.98E-05
ny->ne,24,602947,3.98E-05
va->or,24,602947,3.98E-05
mi->ok,24,602947,3.98E-05
fl->id,24,602947,3.98E-05
mn->ar,24,602947,3.98E-05
fl->nh,24,602947,3.98E-05
fl->ct,24,602947,3.98E-05
ga->oh,24,602947,3.98E-05
ri->me,24,602947,3.98E-05
tn->ar,24,602947,3.98E-05
nv->md,24,602947,3.98E-05
fl->nv,24,602947,3.98E-05
tn->mi,24,602947,3.98E-05
ia->me,24,602947,3.98E-05
ca->sd,24,602947,3.98E-05
va->sc,24,602947,3.98E-05
co->ut,24,602947,3.98E-05
mt->md,24,602947,3.98E-05
ct->wi,23,602947,3.81E-05
co->la,23,602947,3.81E-05
dc->va,23,602947,3.81E-05
or->mi,23,602947,3.81E-05
fl->nj,23,602947,3.81E-05
hi->nc,23,602947,3.81E-05
pa->hi,23,602947,3.81E-05
oh->ok,23,602947,3.81E-05
ny->nm,23,602947,3.81E-05
az->in,23,602947,3.81E-05
sc->in,23,602947,3.81E-05
nd->ak,23,602947,3.81E-05
wi->co,23,602947,3.81E-05
la->oh,23,602947,3.81E-05
de->fl,23,602947,3.81E-05
co->sc,23,602947,3.81E-05
nc->in,23,602947,3.81E-05
de->ny,23,602947,3.81E-05
pr->ak,23,602947,3.81E-05
az->nc,23,602947,3.81E-05
oh->nc,23,602947,3.81E-05
or->pa,23,602947,3.81E-05
mn->sc,23,602947,3.81E-05
wi->or,23,602947,3.81E-05
tx->sd,22,602947,3.65E-05
ar->fl,22,602947,3.65E-05
oh->ms,22,602947,3.65E-05
va->ut,22,602947,3.65E-05
vi->ny,22,602947,3.65E-05
vt->me,22,602947,3.65E-05
nj->mn,22,602947,3.65E-05
nm->ny,22,602947,3.65E-05
pa->ct,22,602947,3.65E-05
nd->ca,22,602947,3.65E-05
mi->md,22,602947,3.65E-05
mn->ks,22,602947,3.65E-05
mi->ks,22,602947,3.65E-05
ne->mo,22,602947,3.65E-05
ma->nj,22,602947,3.65E-05
al->ms,22,602947,3.65E-05
nd->mt,22,602947,3.65E-05
oh->co,21,602947,3.48E-05
or->ks,21,602947,3.48E-05
de->va,21,602947,3.48E-05
nc->de,21,602947,3.48E-05
ct->ks,21,602947,3.48E-05
wy->az,21,602947,3.48E-05
la->ks,21,602947,3.48E-05
co->pa,21,602947,3.48E-05
il->de,21,602947,3.48E-05
wa->il,21,602947,3.48E-05
vi->fl,21,602947,3.48E-05
ga->il,21,602947,3.48E-05
il->nm,21,602947,3.48E-05
va->nj,21,602947,3.48E-05
fl->nc,21,602947,3.48E-05
az->la,21,602947,3.48E-05
wa->nm,21,602947,3.48E-05
pa->il,21,602947,3.48E-05
pa->ma,21,602947,3.48E-05
ar->mn,21,602947,3.48E-05
ma->ks,21,602947,3.48E-05
ia->az,21,602947,3.48E-05
nc->or,21,602947,3.48E-05
ma->hi,21,602947,3.48E-05
or->nv,21,602947,3.48E-05
ri->ma,21,602947,3.48E-05
az->il,21,602947,3.48E-05
pa->ok,20,602947,3.32E-05
vt->nj,20,602947,3.32E-05
oh->mo,20,602947,3.32E-05
hi->ky,20,602947,3.32E-05
fl->hi,20,602947,3.32E-05
nm->la,20,602947,3.32E-05
az->sd,20,602947,3.32E-05
az->ky,20,602947,3.32E-05
sc->co,20,602947,3.32E-05
wi->ky,20,602947,3.32E-05
ga->de,20,602947,3.32E-05
ne->al,20,602947,3.32E-05
mn->il,20,602947,3.32E-05
nc->tn,20,602947,3.32E-05
ne->co,20,602947,3.32E-05
la->ky,20,602947,3.32E-05
sc->ms,20,602947,3.32E-05
ct->la,20,602947,3.32E-05
fl->mt,20,602947,3.32E-05
ct->or,20,602947,3.32E-05
ri->ky,20,602947,3.32E-05
az->md,20,602947,3.32E-05
oh->ks,20,602947,3.32E-05
hi->mo,20,602947,3.32E-05
wi->in,20,602947,3.32E-05
sc->nv,20,602947,3.32E-05
ga->wi,20,602947,3.32E-05
hi->mn,20,602947,3.32E-05
ct->mt,20,602947,3.32E-05
ri->ia,20,602947,3.32E-05
mn->hi,20,602947,3.32E-05
ri->la,20,602947,3.32E-05
nj->hi,19,602947,3.15E-05
wi->nv,19,602947,3.15E-05
ar->co,19,602947,3.15E-05
wv->ca,19,602947,3.15E-05
de->la,19,602947,3.15E-05
ct->md,19,602947,3.15E-05
or->la,19,602947,3.15E-05
md->ky,19,602947,3.15E-05
ar->me,19,602947,3.15E-05
wy->co,19,602947,3.15E-05
ma->vt,19,602947,3.15E-05
md->nc,19,602947,3.15E-05
de->ia,19,602947,3.15E-05
de->pa,19,602947,3.15E-05
ok->fl,19,602947,3.15E-05
md->la,19,602947,3.15E-05
la->ar,19,602947,3.15E-05
wa->tn,19,602947,3.15E-05
co->me,19,602947,3.15E-05
fl->sc,19,602947,3.15E-05
nv->ak,19,602947,3.15E-05
nm->hi,19,602947,3.15E-05
ar->nv,19,602947,3.15E-05
ky->al,19,602947,3.15E-05
ks->ny,19,602947,3.15E-05
ok->ar,19,602947,3.15E-05
oh->ak,19,602947,3.15E-05
nv->ny,19,602947,3.15E-05
ks->mo,19,602947,3.15E-05
nc->mn,19,602947,3.15E-05
ky->az,18,602947,2.99E-05
ma->ut,18,602947,2.99E-05
wa->sc,18,602947,2.99E-05
wi->nc,18,602947,2.99E-05
az->ok,18,602947,2.99E-05
al->la,18,602947,2.99E-05
tn->mn,18,602947,2.99E-05
ky->in,18,602947,2.99E-05
wa->ut,18,602947,2.99E-05
va->tn,18,602947,2.99E-05
mn->nj,18,602947,2.99E-05
mi->nc,18,602947,2.99E-05
mn->md,18,602947,2.99E-05
nv->mt,18,602947,2.99E-05
co->ak,18,602947,2.99E-05
il->vt,18,602947,2.99E-05
ar->tn,18,602947,2.99E-05
ia->ne,18,602947,2.99E-05
nj->md,18,602947,2.99E-05
ar->al,18,602947,2.99E-05
il->ct,18,602947,2.99E-05
pa->or,18,602947,2.99E-05
wi->la,18,602947,2.99E-05
il->ma,18,602947,2.99E-05
nm->ky,18,602947,2.99E-05
mn->nd,18,602947,2.99E-05
nc->wi,18,602947,2.99E-05
oh->il,18,602947,2.99E-05
ct->ms,18,602947,2.99E-05
ks->fl,18,602947,2.99E-05
vt->ms,18,602947,2.99E-05
ar->ak,17,602947,2.82E-05
ga->in,17,602947,2.82E-05
vi->ga,17,602947,2.82E-05
nh->ms,17,602947,2.82E-05
nj->tn,17,602947,2.82E-05
pa->nv,17,602947,2.82E-05
vt->ak,17,602947,2.82E-05
tn->md,17,602947,2.82E-05
wy->ca,17,602947,2.82E-05
nc->ky,17,602947,2.82E-05
co->mn,17,602947,2.82E-05
wv->ga,17,602947,2.82E-05
ne->mi,17,602947,2.82E-05
ga->nc,17,602947,2.82E-05
az->tn,17,602947,2.82E-05
wa->ok,17,602947,2.82E-05
ma->id,17,602947,2.82E-05
mi->ak,17,602947,2.82E-05
wa->nj,17,602947,2.82E-05
de->mi,17,602947,2.82E-05
vt->mo,17,602947,2.82E-05
ne->ks,17,602947,2.82E-05
nj->ar,17,602947,2.82E-05
fl->ar,17,602947,2.82E-05
tn->co,17,602947,2.82E-05
mi->de,17,602947,2.82E-05
nm->wi,17,602947,2.82E-05
ri->or,17,602947,2.82E-05
pr->ga,17,602947,2.82E-05
nv->oh,17,602947,2.82E-05
mp->hi,17,602947,2.82E-05
pa->mt,17,602947,2.82E-05
vt->md,17,602947,2.82E-05
ne->in,17,602947,2.82E-05
mn->tn,17,602947,2.82E-05
il->id,17,602947,2.82E-05
nv->mi,17,602947,2.82E-05
or->nc,17,602947,2.82E-05
nd->va,17,602947,2.82E-05
co->mi,17,602947,2.82E-05
mi->or,17,602947,2.82E-05
pa->ut,17,602947,2.82E-05
hi->me,17,602947,2.82E-05
or->me,17,602947,2.82E-05
ri->oh,17,602947,2.82E-05
sc->mi,16,602947,2.65E-05
mi->mo,16,602947,2.65E-05
nc->mo,16,602947,2.65E-05
wy->va,16,602947,2.65E-05
nm->ok,16,602947,2.65E-05
az->id,16,602947,2.65E-05
va->vt,16,602947,2.65E-05
ma->tn,16,602947,2.65E-05
sc->mo,16,602947,2.65E-05
ia->co,16,602947,2.65E-05
ar->wi,16,602947,2.65E-05
mi->hi,16,602947,2.65E-05
ms->va,16,602947,2.65E-05
fl->or,16,602947,2.65E-05
fl->ma,16,602947,2.65E-05
md->il,16,602947,2.65E-05
nm->mt,16,602947,2.65E-05
ga->sc,16,602947,2.65E-05
az->ks,16,602947,2.65E-05
ri->ks,16,602947,2.65E-05
vt->nc,16,602947,2.65E-05
la->or,16,602947,2.65E-05
hi->sc,16,602947,2.65E-05
ct->in,16,602947,2.65E-05
ok->me,16,602947,2.65E-05
va->de,16,602947,2.65E-05
ct->nc,16,602947,2.65E-05
ga->mo,16,602947,2.65E-05
ar->nh,16,602947,2.65E-05
wi->ks,16,602947,2.65E-05
vi->tx,16,602947,2.65E-05
nv->la,16,602947,2.65E-05
de->wi,16,602947,2.65E-05
mn->ma,16,602947,2.65E-05
wy->ia,16,602947,2.65E-05
ky->tn,16,602947,2.65E-05
hi->co,16,602947,2.65E-05
sc->md,16,602947,2.65E-05
ca->nd,16,602947,2.65E-05
pa->ar,16,602947,2.65E-05
mo->id,16,602947,2.65E-05
md->nv,16,602947,2.65E-05
mi->ma,16,602947,2.65E-05
nv->hi,16,602947,2.65E-05
or->ms,16,602947,2.65E-05
nh->mi,15,602947,2.49E-05
nd->ks,15,602947,2.49E-05
al->me,15,602947,2.49E-05
nm->oh,15,602947,2.49E-05
va->ma,15,602947,2.49E-05
vt->tn,15,602947,2.49E-05
ok->az,15,602947,2.49E-05
la->ok,15,602947,2.49E-05
mn->mt,15,602947,2.49E-05
ky->mi,15,602947,2.49E-05
ri->ms,15,602947,2.49E-05
tn->ok,15,602947,2.49E-05
co->oh,15,602947,2.49E-05
ga->ky,15,602947,2.49E-05
ri->ok,15,602947,2.49E-05
mn->wy,15,602947,2.49E-05
ri->pa,15,602947,2.49E-05
tn->de,15,602947,2.49E-05
ca->ri,15,602947,2.49E-05
va->nm,15,602947,2.49E-05
ia->mn,15,602947,2.49E-05
mn->ut,15,602947,2.49E-05
ga->me,15,602947,2.49E-05
wi->md,15,602947,2.49E-05
wa->ar,15,602947,2.49E-05
sc->mt,15,602947,2.49E-05
id->tx,15,602947,2.49E-05
tn->sc,15,602947,2.49E-05
tn->il,14,602947,2.32E-05
tx->ri,14,602947,2.32E-05
ok->ia,14,602947,2.32E-05
ny->sd,14,602947,2.32E-05
pr->ca,14,602947,2.32E-05
ut->az,14,602947,2.32E-05
wa->ne,14,602947,2.32E-05
wi->sc,14,602947,2.32E-05
wi->ak,14,602947,2.32E-05
nd->co,14,602947,2.32E-05
wa->vt,14,602947,2.32E-05
ut->ia,14,602947,2.32E-05
ne->md,14,602947,2.32E-05
ky->ks,14,602947,2.32E-05
id->ca,14,602947,2.32E-05
ky->ak,14,602947,2.32E-05
ri->nv,14,602947,2.32E-05
tn->ks,14,602947,2.32E-05
nj->ut,14,602947,2.32E-05
ne->me,14,602947,2.32E-05
ga->or,14,602947,2.32E-05
sc->tn,14,602947,2.32E-05
tn->wi,14,602947,2.32E-05
wv->wy,14,602947,2.32E-05
me->fl,14,602947,2.32E-05
mt->ga,14,602947,2.32E-05
ct->mo,14,602947,2.32E-05
nj->ma,14,602947,2.32E-05
co->wi,14,602947,2.32E-05
la->az,14,602947,2.32E-05
al->oh,14,602947,2.32E-05
nc->ak,14,602947,2.32E-05
nh->ny,14,602947,2.32E-05
az->mo,14,602947,2.32E-05
al->nv,14,602947,2.32E-05
md->id,14,602947,2.32E-05
ct->ky,14,602947,2.32E-05
or->hi,14,602947,2.32E-05
ia->al,14,602947,2.32E-05
dc->tx,13,602947,2.16E-05
nc->nj,13,602947,2.16E-05
ut->or,13,602947,2.16E-05
ks->ok,13,602947,2.16E-05
ar->or,13,602947,2.16E-05
nv->in,13,602947,2.16E-05
ok->oh,13,602947,2.16E-05
md->ct,13,602947,2.16E-05
sc->wi,13,602947,2.16E-05
wa->ct,13,602947,2.16E-05
ky->mo,13,602947,2.16E-05
nm->ms,13,602947,2.16E-05
nd->sd,13,602947,2.16E-05
md->ok,13,602947,2.16E-05
va->ar,13,602947,2.16E-05
md->mn,13,602947,2.16E-05
ky->ok,13,602947,2.16E-05
nc->md,13,602947,2.16E-05
wi->ut,13,602947,2.16E-05
or->sc,13,602947,2.16E-05
wa->ma,13,602947,2.16E-05
nm->me,13,602947,2.16E-05
wi->nm,13,602947,2.16E-05
az->wy,13,602947,2.16E-05
mi->nj,13,602947,2.16E-05
ne->ok,13,602947,2.16E-05
de->ak,13,602947,2.16E-05
sc->pa,13,602947,2.16E-05
ri->wi,13,602947,2.16E-05
sc->ak,13,602947,2.16E-05
la->nc,13,602947,2.16E-05
sc->me,13,602947,2.16E-05
tn->nj,13,602947,2.16E-05
co->nv,13,602947,2.16E-05
mn->sd,13,602947,2.16E-05
ne->il,13,602947,2.16E-05
nh->az,13,602947,2.16E-05
ne->mn,13,602947,2.16E-05
nj->nm,13,602947,2.16E-05
ut->oh,13,602947,2.16E-05
la->me,13,602947,2.16E-05
ms->ny,13,602947,2.16E-05
nv->mn,13,602947,2.16E-05
ma->nm,13,602947,2.16E-05
nc->nv,13,602947,2.16E-05
ri->wy,13,602947,2.16E-05
or->in,13,602947,2.16E-05
mt->ca,13,602947,2.16E-05
md->nj,12,602947,1.99E-05
ri->tn,12,602947,1.99E-05
ok->ak,12,602947,1.99E-05
mn->ne,12,602947,1.99E-05
oh->wy,12,602947,1.99E-05
ia->mi,12,602947,1.99E-05
ct->ok,12,602947,1.99E-05
wa->md,12,602947,1.99E-05
de->ok,12,602947,1.99E-05
ri->mn,12,602947,1.99E-05
nh->nj,12,602947,1.99E-05
tn->ma,12,602947,1.99E-05
nj->sd,12,602947,1.99E-05
wa->nh,12,602947,1.99E-05
vt->ut,12,602947,1.99E-05
co->md,12,602947,1.99E-05
md->de,12,602947,1.99E-05
mi->ut,12,602947,1.99E-05
la->wi,12,602947,1.99E-05
nm->in,12,602947,1.99E-05
sd->tx,12,602947,1.99E-05
ky->pa,12,602947,1.99E-05
il->wy,12,602947,1.99E-05
or->md,12,602947,1.99E-05
sd->md,12,602947,1.99E-05
tn->mo,12,602947,1.99E-05
ga->md,12,602947,1.99E-05
ri->mt,12,602947,1.99E-05
az->vt,12,602947,1.99E-05
fl->nm,12,602947,1.99E-05
sc->ky,12,602947,1.99E-05
co->de,12,602947,1.99E-05
ky->wi,12,602947,1.99E-05
vt->il,12,602947,1.99E-05
pr->ne,12,602947,1.99E-05
ct->hi,12,602947,1.99E-05
nm->mn,12,602947,1.99E-05
hi->nv,12,602947,1.99E-05
sc->ut,12,602947,1.99E-05
md->or,12,602947,1.99E-05
id->ia,12,602947,1.99E-05
hi->ok,12,602947,1.99E-05
nh->vt,12,602947,1.99E-05
al->pa,12,602947,1.99E-05
oh->hi,12,602947,1.99E-05
tn->hi,12,602947,1.99E-05
ms->ar,12,602947,1.99E-05
ny->ri,12,602947,1.99E-05
ct->de,12,602947,1.99E-05
ia->ky,12,602947,1.99E-05
md->sc,11,602947,1.82E-05
md->vt,11,602947,1.82E-05
oh->ut,11,602947,1.82E-05
oh->tn,11,602947,1.82E-05
ri->md,11,602947,1.82E-05
al->mi,11,602947,1.82E-05
va->id,11,602947,1.82E-05
mi->nh,11,602947,1.82E-05
ia->oh,11,602947,1.82E-05
il->nh,11,602947,1.82E-05
wy->ny,11,602947,1.82E-05
ma->mt,11,602947,1.82E-05
de->co,11,602947,1.82E-05
al->nc,11,602947,1.82E-05
ks->az,11,602947,1.82E-05
mn->nm,11,602947,1.82E-05
hi->il,11,602947,1.82E-05
co->ks,11,602947,1.82E-05
co->ky,11,602947,1.82E-05
ky->ms,11,602947,1.82E-05
in->al,11,602947,1.82E-05
ga->ak,11,602947,1.82E-05
ky->ar,11,602947,1.82E-05
vt->la,11,602947,1.82E-05
wi->nh,11,602947,1.82E-05
in->or,11,602947,1.82E-05
va->sd,11,602947,1.82E-05
nj->id,11,602947,1.82E-05
oh->nj,11,602947,1.82E-05
tn->ut,11,602947,1.82E-05
vt->ar,11,602947,1.82E-05
vt->id,11,602947,1.82E-05
nm->mo,11,602947,1.82E-05
ga->nv,11,602947,1.82E-05
nc->hi,11,602947,1.82E-05
nh->nv,11,602947,1.82E-05
ne->hi,11,602947,1.82E-05
ok->ms,11,602947,1.82E-05
nh->ak,11,602947,1.82E-05
wv->la,11,602947,1.82E-05
ks->sd,11,602947,1.82E-05
mi->nm,11,602947,1.82E-05
nc->il,11,602947,1.82E-05
az->hi,11,602947,1.82E-05
ar->sd,11,602947,1.82E-05
nd->ia,11,602947,1.82E-05
in->ms,11,602947,1.82E-05
hi->in,11,602947,1.82E-05
nv->ar,11,602947,1.82E-05
ia->ut,11,602947,1.82E-05
al->co,11,602947,1.82E-05
ar->mo,11,602947,1.82E-05
ri->il,11,602947,1.82E-05
sc->mn,11,602947,1.82E-05
nv->id,11,602947,1.82E-05
ia->la,11,602947,1.82E-05
ct->tn,11,602947,1.82E-05
de->az,11,602947,1.82E-05
ut->nv,11,602947,1.82E-05
ut->me,11,602947,1.82E-05
nd->ms,10,602947,1.66E-05
nm->id,10,602947,1.66E-05
az->sc,10,602947,1.66E-05
la->in,10,602947,1.66E-05
dc->la,10,602947,1.66E-05
in->nh,10,602947,1.66E-05
sc->nh,10,602947,1.66E-05
mn->de,10,602947,1.66E-05
nd->az,10,602947,1.66E-05
or->ut,10,602947,1.66E-05
ky->de,10,602947,1.66E-05
sd->mn,10,602947,1.66E-05
ct->nj,10,602947,1.66E-05
al->ky,10,602947,1.66E-05
de->md,10,602947,1.66E-05
me->va,10,602947,1.66E-05
vt->ma,10,602947,1.66E-05
sd->ny,10,602947,1.66E-05
or->mt,10,602947,1.66E-05
wi->ok,10,602947,1.66E-05
wv->ky,10,602947,1.66E-05
nc->ut,10,602947,1.66E-05
co->id,10,602947,1.66E-05
nh->co,10,602947,1.66E-05
md->nm,10,602947,1.66E-05
fl->vt,10,602947,1.66E-05
il->sd,10,602947,1.66E-05
id->az,10,602947,1.66E-05
in->me,10,602947,1.66E-05
ga->hi,10,602947,1.66E-05
ga->ok,10,602947,1.66E-05
wy->sd,10,602947,1.66E-05
ct->ma,10,602947,1.66E-05
mi->tn,10,602947,1.66E-05
hi->la,10,602947,1.66E-05
pr->ny,10,602947,1.66E-05
ia->wi,10,602947,1.66E-05
tn->sd,10,602947,1.66E-05
az->ne,10,602947,1.66E-05
ct->nv,10,602947,1.66E-05
al->wi,10,602947,1.66E-05
ri->nh,10,602947,1.66E-05
ne->az,10,602947,1.66E-05
nm->pa,10,602947,1.66E-05
ar->pa,10,602947,1.66E-05
wi->tn,10,602947,1.66E-05
wi->hi,10,602947,1.66E-05
ca->wy,10,602947,1.66E-05
pr->va,10,602947,1.66E-05
la->ak,10,602947,1.66E-05
la->co,10,602947,1.66E-05
or->nh,10,602947,1.66E-05
ia->ak,10,602947,1.66E-05
co->or,9,602947,1.49E-05
ma->de,9,602947,1.49E-05
de->sc,9,602947,1.49E-05
co->nc,9,602947,1.49E-05
hi->ct,9,602947,1.49E-05
pr->co,9,602947,1.49E-05
ut->mt,9,602947,1.49E-05
mt->ia,9,602947,1.49E-05
md->mo,9,602947,1.49E-05
hi->or,9,602947,1.49E-05
sc->il,9,602947,1.49E-05
ct->sc,9,602947,1.49E-05
ks->me,9,602947,1.49E-05
vt->ok,9,602947,1.49E-05
ok->la,9,602947,1.49E-05
la->il,9,602947,1.49E-05
md->hi,9,602947,1.49E-05
la->mt,9,602947,1.49E-05
mi->mt,9,602947,1.49E-05
ar->la,9,602947,1.49E-05
ut->al,9,602947,1.49E-05
ct->vt,9,602947,1.49E-05
in->mn,9,602947,1.49E-05
co->hi,9,602947,1.49E-05
de->oh,9,602947,1.49E-05
wy->la,9,602947,1.49E-05
ar->mi,9,602947,1.49E-05
or->ct,9,602947,1.49E-05
id->wy,9,602947,1.49E-05
wv->ia,9,602947,1.49E-05
de->ms,9,602947,1.49E-05
al->md,9,602947,1.49E-05
va->nh,9,602947,1.49E-05
az->ma,9,602947,1.49E-05
ia->wy,9,602947,1.49E-05
vi->va,9,602947,1.49E-05
nd->in,9,602947,1.49E-05
oh->ar,9,602947,1.49E-05
ky->or,9,602947,1.49E-05
co->in,9,602947,1.49E-05
wv->fl,9,602947,1.49E-05
ar->ks,9,602947,1.49E-05
la->mn,9,602947,1.49E-05
fl->ne,9,602947,1.49E-05
nh->wi,9,602947,1.49E-05
nc->ar,9,602947,1.49E-05
al->in,9,602947,1.49E-05
pa->vt,9,602947,1.49E-05
wv->pa,9,602947,1.49E-05
wi->sd,9,602947,1.49E-05
ar->il,9,602947,1.49E-05
tx->nd,9,602947,1.49E-05
ms->ak,9,602947,1.49E-05
ne->ak,9,602947,1.49E-05
la->mo,9,602947,1.49E-05
wy->or,9,602947,1.49E-05
in->ks,9,602947,1.49E-05
mi->ar,9,602947,1.49E-05
mo->nd,9,602947,1.49E-05
ut->hi,9,602947,1.49E-05
ks->ky,9,602947,1.49E-05
oh->ct,9,602947,1.49E-05
ut->ak,9,602947,1.49E-05
ga->tn,9,602947,1.49E-05
nh->ct,9,602947,1.49E-05
gu->wa,9,602947,1.49E-05
ut->wi,9,602947,1.49E-05
ct->sd,9,602947,1.49E-05
ne->wi,9,602947,1.49E-05
ar->wy,8,602947,1.33E-05
nc->ma,8,602947,1.33E-05
ne->ms,8,602947,1.33E-05
or->il,8,602947,1.33E-05
mi->wy,8,602947,1.33E-05
nd->ga,8,602947,1.33E-05
or->ok,8,602947,1.33E-05
me->ca,8,602947,1.33E-05
co->wy,8,602947,1.33E-05
oh->ma,8,602947,1.33E-05
in->mt,8,602947,1.33E-05
me->pa,8,602947,1.33E-05
nc->mt,8,602947,1.33E-05
ia->md,8,602947,1.33E-05
sc->nm,8,602947,1.33E-05
wi->vt,8,602947,1.33E-05
de->nc,8,602947,1.33E-05
or->mo,8,602947,1.33E-05
il->nd,8,602947,1.33E-05
hi->ut,8,602947,1.33E-05
ne->tn,8,602947,1.33E-05
ct->il,8,602947,1.33E-05
tn->ne,8,602947,1.33E-05
nh->in,8,602947,1.33E-05
ar->mt,8,602947,1.33E-05
ky->nc,8,602947,1.33E-05
ky->sd,8,602947,1.33E-05
nh->pa,8,602947,1.33E-05
sd->nd,8,602947,1.33E-05
wv->ks,8,602947,1.33E-05
in->la,8,602947,1.33E-05
ct->ar,8,602947,1.33E-05
ok->ks,8,602947,1.33E-05
tn->mt,8,602947,1.33E-05
id->ms,8,602947,1.33E-05
ut->la,8,602947,1.33E-05
oh->ne,8,602947,1.33E-05
ne->la,8,602947,1.33E-05
wa->de,8,602947,1.33E-05
nv->sc,8,602947,1.33E-05
me->ga,8,602947,1.33E-05
ct->mn,8,602947,1.33E-05
la->md,8,602947,1.33E-05
co->mt,8,602947,1.33E-05
ky->il,8,602947,1.33E-05
hi->nm,8,602947,1.33E-05
ok->al,8,602947,1.33E-05
pa->sd,8,602947,1.33E-05
wy->fl,8,602947,1.33E-05
al->hi,8,602947,1.33E-05
wy->ut,8,602947,1.33E-05
id->ak,8,602947,1.33E-05
il->ri,8,602947,1.33E-05
or->nm,8,602947,1.33E-05
nh->mn,8,602947,1.33E-05
ri->in,8,602947,1.33E-05
ut->ky,8,602947,1.33E-05
ut->pa,8,602947,1.33E-05
ia->sc,8,602947,1.33E-05
nj->vt,8,602947,1.33E-05
or->mn,8,602947,1.33E-05
ri->nc,8,602947,1.33E-05
wi->id,8,602947,1.33E-05
ri->ct,8,602947,1.33E-05
ar->oh,8,602947,1.33E-05
ne->mt,8,602947,1.33E-05
nv->ut,8,602947,1.33E-05
ks->mi,8,602947,1.33E-05
in->mo,8,602947,1.33E-05
ga->ut,8,602947,1.33E-05
nh->oh,8,602947,1.33E-05
la->hi,8,602947,1.33E-05
in->ut,8,602947,1.33E-05
ma->ne,8,602947,1.33E-05
id->ga,8,602947,1.33E-05
ia->nv,7,602947,1.16E-05
ok->hi,7,602947,1.16E-05
ky->sc,7,602947,1.16E-05
ms->me,7,602947,1.16E-05
ma->wy,7,602947,1.16E-05
mt->co,7,602947,1.16E-05
ok->tn,7,602947,1.16E-05
ne->sc,7,602947,1.16E-05
ms->ok,7,602947,1.16E-05
wv->in,7,602947,1.16E-05
la->nj,7,602947,1.16E-05
md->ma,7,602947,1.16E-05
vi->oh,7,602947,1.16E-05
in->pa,7,602947,1.16E-05
ak->in,7,602947,1.16E-05
nm->il,7,602947,1.16E-05
nv->ky,7,602947,1.16E-05
vt->ct,7,602947,1.16E-05
nj->wy,7,602947,1.16E-05
sd->ca,7,602947,1.16E-05
wy->id,7,602947,1.16E-05
id->or,7,602947,1.16E-05
dc->fl,7,602947,1.16E-05
va->ri,7,602947,1.16E-05
ar->hi,7,602947,1.16E-05
co->tn,7,602947,1.16E-05
ks->in,7,602947,1.16E-05
pa->ne,7,602947,1.16E-05
nc->nh,7,602947,1.16E-05
nh->ky,7,602947,1.16E-05
ms->az,7,602947,1.16E-05
ar->ok,7,602947,1.16E-05
nd->la,7,602947,1.16E-05
in->wi,7,602947,1.16E-05
as->wa,7,602947,1.16E-05
nd->oh,7,602947,1.16E-05
ok->mi,7,602947,1.16E-05
mi->sc,7,602947,1.16E-05
co->ok,7,602947,1.16E-05
ne->nc,7,602947,1.16E-05
tn->ct,7,602947,1.16E-05
tn->nv,7,602947,1.16E-05
wi->ma,7,602947,1.16E-05
hi->nj,7,602947,1.16E-05
mp->ca,7,602947,1.16E-05
md->mt,7,602947,1.16E-05
ri->nm,7,602947,1.16E-05
pr->tx,7,602947,1.16E-05
al->mo,7,602947,1.16E-05
me->ny,7,602947,1.16E-05
pa->nm,7,602947,1.16E-05
ks->co,7,602947,1.16E-05
nm->or,7,602947,1.16E-05
me->al,7,602947,1.16E-05
nc->ks,7,602947,1.16E-05
fl->sd,7,602947,1.16E-05
ar->md,7,602947,1.16E-05
ok->de,7,602947,1.16E-05
wv->me,7,602947,1.16E-05
oh->mt,7,602947,1.16E-05
ak->tx,7,602947,1.16E-05
nh->ar,7,602947,1.16E-05
ok->md,7,602947,1.16E-05
wi->nj,7,602947,1.16E-05
ut->il,7,602947,1.16E-05
id->co,7,602947,1.16E-05
ny->nd,7,602947,1.16E-05
ar->ky,7,602947,1.16E-05
ar->ut,7,602947,1.16E-05
nc->id,7,602947,1.16E-05
al->de,7,602947,1.16E-05
ri->sc,7,602947,1.16E-05
wy->mt,7,602947,1.16E-05
al->ak,7,602947,1.16E-05
ky->ut,7,602947,1.16E-05
wi->mt,7,602947,1.16E-05
ne->oh,7,602947,1.16E-05
ks->tn,7,602947,1.16E-05
nv->mo,7,602947,1.16E-05
la->nm,7,602947,1.16E-05
pa->nh,7,602947,1.16E-05
ri->nj,7,602947,1.16E-05
sd->fl,7,602947,1.16E-05
ia->ok,7,602947,1.16E-05
ks->al,7,602947,1.16E-05
nc->ct,7,602947,1.16E-05
ms->ia,6,602947,9.95E-06
mi->ne,6,602947,9.95E-06
ks->ms,6,602947,9.95E-06
sd->co,6,602947,9.95E-06
co->ct,6,602947,9.95E-06
wy->me,6,602947,9.95E-06
md->ut,6,602947,9.95E-06
de->ct,6,602947,9.95E-06
ky->mn,6,602947,9.95E-06
ga->mt,6,602947,9.95E-06
de->ut,6,602947,9.95E-06
ky->md,6,602947,9.95E-06
or->ne,6,602947,9.95E-06
ky->ne,6,602947,9.95E-06
sd->va,6,602947,9.95E-06
sc->or,6,602947,9.95E-06
nm->wy,6,602947,9.95E-06
az->ct,6,602947,9.95E-06
wv->nj,6,602947,9.95E-06
vt->hi,6,602947,9.95E-06
ma->ri,6,602947,9.95E-06
nv->pa,6,602947,9.95E-06
in->ky,6,602947,9.95E-06
ia->hi,6,602947,9.95E-06
az->ar,6,602947,9.95E-06
or->tn,6,602947,9.95E-06
sd->mt,6,602947,9.95E-06
in->ma,6,602947,9.95E-06
tn->nh,6,602947,9.95E-06
ks->nm,6,602947,9.95E-06
va->nd,6,602947,9.95E-06
ky->ma,6,602947,9.95E-06
ct->wy,6,602947,9.95E-06
ne->ar,6,602947,9.95E-06
il->ne,6,602947,9.95E-06
ky->nh,6,602947,9.95E-06
wy->ky,6,602947,9.95E-06
mn->id,6,602947,9.95E-06
ut->id,6,602947,9.95E-06
wy->oh,6,602947,9.95E-06
nj->ne,6,602947,9.95E-06
ne->ut,6,602947,9.95E-06
nh->ia,6,602947,9.95E-06
ak->ut,6,602947,9.95E-06
la->de,6,602947,9.95E-06
la->nd,6,602947,9.95E-06
sc->ks,6,602947,9.95E-06
la->tn,6,602947,9.95E-06
mn->ct,6,602947,9.95E-06
ga->ar,6,602947,9.95E-06
nm->de,6,602947,9.95E-06
wv->md,6,602947,9.95E-06
sc->nd,6,602947,9.95E-06
ma->sd,6,602947,9.95E-06
wv->tn,6,602947,9.95E-06
sd->ga,6,602947,9.95E-06
ia->pa,6,602947,9.95E-06
pr->hi,6,602947,9.95E-06
mt->fl,6,602947,9.95E-06
ga->ks,6,602947,9.95E-06
ks->mt,6,602947,9.95E-06
or->ma,6,602947,9.95E-06
pr->la,6,602947,9.95E-06
sc->de,6,602947,9.95E-06
vt->ri,6,602947,9.95E-06
oh->id,6,602947,9.95E-06
ok->mn,6,602947,9.95E-06
mo->ri,6,602947,9.95E-06
nv->nm,6,602947,9.95E-06
de->me,6,602947,9.95E-06
wi->ct,6,602947,9.95E-06
nd->ny,6,602947,9.95E-06
ct->ut,6,602947,9.95E-06
wv->az,6,602947,9.95E-06
ok->ky,6,602947,9.95E-06
ri->de,6,602947,9.95E-06
ms->mo,6,602947,9.95E-06
co->ma,6,602947,9.95E-06
wi->ne,6,602947,9.95E-06
in->ct,6,602947,9.95E-06
tn->id,6,602947,9.95E-06
wy->pa,6,602947,9.95E-06
de->nh,6,602947,9.95E-06
ia->nc,6,602947,9.95E-06
mt->mo,6,602947,9.95E-06
ri->ut,6,602947,9.95E-06
ne->or,6,602947,9.95E-06
mt->ks,6,602947,9.95E-06
me->wy,5,602947,8.29E-06
fl->nd,5,602947,8.29E-06
nv->wy,5,602947,8.29E-06
ks->md,5,602947,8.29E-06
ky->id,5,602947,8.29E-06
sd->az,5,602947,8.29E-06
ky->la,5,602947,8.29E-06
ct->ri,5,602947,8.29E-06
va->wy,5,602947,8.29E-06
id->fl,5,602947,8.29E-06
al->or,5,602947,8.29E-06
nc->ok,5,602947,8.29E-06
al->nm,5,602947,8.29E-06
ne->sd,5,602947,8.29E-06
de->vt,5,602947,8.29E-06
la->nv,5,602947,8.29E-06
nd->al,5,602947,8.29E-06
mt->mi,5,602947,8.29E-06
la->sc,5,602947,8.29E-06
sd->me,5,602947,8.29E-06
ar->nc,5,602947,8.29E-06
me->az,5,602947,8.29E-06
ak->la,5,602947,8.29E-06
de->mn,5,602947,8.29E-06
ia->tn,5,602947,8.29E-06
vi->ky,5,602947,8.29E-06
nm->nh,5,602947,8.29E-06
nh->ok,5,602947,8.29E-06
sd->in,5,602947,8.29E-06
hi->md,5,602947,8.29E-06
la->ne,5,602947,8.29E-06
sc->wy,5,602947,8.29E-06
ia->ar,5,602947,8.29E-06
ak->ca,5,602947,8.29E-06
nm->md,5,602947,8.29E-06
az->nd,5,602947,8.29E-06
ok->ut,5,602947,8.29E-06
id->va,5,602947,8.29E-06
sc->ma,5,602947,8.29E-06
mt->wy,5,602947,8.29E-06
wi->de,5,602947,8.29E-06
ne->id,5,602947,8.29E-06
or->wy,5,602947,8.29E-06
ar->nm,5,602947,8.29E-06
ma->nd,5,602947,8.29E-06
in->ok,5,602947,8.29E-06
dc->vt,5,602947,8.29E-06
vi->la,5,602947,8.29E-06
mt->ak,5,602947,8.29E-06
wy->nv,5,602947,8.29E-06
sc->sd,5,602947,8.29E-06
oh->nm,5,602947,8.29E-06
ms->mi,5,602947,8.29E-06
nh->or,5,602947,8.29E-06
nd->me,5,602947,8.29E-06
in->ar,5,602947,8.29E-06
or->ar,5,602947,8.29E-06
ct->id,5,602947,8.29E-06
ar->de,5,602947,8.29E-06
ms->tn,5,602947,8.29E-06
md->ri,5,602947,8.29E-06
nv->il,5,602947,8.29E-06
sd->ne,5,602947,8.29E-06
la->ut,5,602947,8.29E-06
nd->il,5,602947,8.29E-06
nm->sd,5,602947,8.29E-06
wv->il,5,602947,8.29E-06
mt->pa,5,602947,8.29E-06
ne->nj,5,602947,8.29E-06
mt->va,5,602947,8.29E-06
ia->mt,5,602947,8.29E-06
id->mn,5,602947,8.29E-06
ut->in,5,602947,8.29E-06
wv->nc,5,602947,8.29E-06
nv->ks,5,602947,8.29E-06
me->ak,5,602947,8.29E-06
wv->mi,5,602947,8.29E-06
ut->ks,5,602947,8.29E-06
wv->nm,5,602947,8.29E-06
in->sc,5,602947,8.29E-06
ms->nc,5,602947,8.29E-06
nd->ok,5,602947,8.29E-06
ga->id,5,602947,8.29E-06
al->il,5,602947,8.29E-06
in->hi,5,602947,8.29E-06
wy->nc,5,602947,8.29E-06
wa->ri,5,602947,8.29E-06
de->id,5,602947,8.29E-06
in->nc,5,602947,8.29E-06
ky->nm,5,602947,8.29E-06
sc->ct,5,602947,8.29E-06
al->ks,5,602947,8.29E-06
ia->ks,5,602947,8.29E-06
hi->ar,5,602947,8.29E-06
ms->mn,5,602947,8.29E-06
co->mo,5,602947,8.29E-06
al->sc,5,602947,8.29E-06
de->nv,5,602947,8.29E-06
ks->ne,5,602947,8.29E-06
nh->mo,5,602947,8.29E-06
id->ut,5,602947,8.29E-06
nh->hi,5,602947,8.29E-06
ok->mo,5,602947,8.29E-06
az->nh,5,602947,8.29E-06
wv->or,5,602947,8.29E-06
nv->ct,5,602947,8.29E-06
pr->al,5,602947,8.29E-06
ks->oh,5,602947,8.29E-06
ia->or,5,602947,8.29E-06
ut->nc,5,602947,8.29E-06
ks->mn,5,602947,8.29E-06
pr->pa,5,602947,8.29E-06
ut->md,5,602947,8.29E-06
ne->wy,4,602947,6.63E-06
ne->ky,4,602947,6.63E-06
in->wy,4,602947,6.63E-06
ms->co,4,602947,6.63E-06
la->wy,4,602947,6.63E-06
in->ak,4,602947,6.63E-06
wv->mn,4,602947,6.63E-06
me->la,4,602947,6.63E-06
ks->ak,4,602947,6.63E-06
mt->ms,4,602947,6.63E-06
nm->ne,4,602947,6.63E-06
sc->ok,4,602947,6.63E-06
ks->la,4,602947,6.63E-06
sc->hi,4,602947,6.63E-06
tn->vt,4,602947,6.63E-06
ms->ks,4,602947,6.63E-06
id->al,4,602947,6.63E-06
ok->wy,4,602947,6.63E-06
mt->me,4,602947,6.63E-06
mp->ak,4,602947,6.63E-06
tn->wy,4,602947,6.63E-06
ks->id,4,602947,6.63E-06
wy->nm,4,602947,6.63E-06
nd->wy,4,602947,6.63E-06
id->ny,4,602947,6.63E-06
me->ms,4,602947,6.63E-06
or->de,4,602947,6.63E-06
nv->ok,4,602947,6.63E-06
vi->sc,4,602947,6.63E-06
ms->in,4,602947,6.63E-06
va->ne,4,602947,6.63E-06
nd->md,4,602947,6.63E-06
de->or,4,602947,6.63E-06
dc->me,4,602947,6.63E-06
de->mo,4,602947,6.63E-06
co->vt,4,602947,6.63E-06
ga->vt,4,602947,6.63E-06
id->mt,4,602947,6.63E-06
vi->al,4,602947,6.63E-06
me->vt,4,602947,6.63E-06
nd->mi,4,602947,6.63E-06
ia->id,4,602947,6.63E-06
ms->oh,4,602947,6.63E-06
mi->id,4,602947,6.63E-06
la->id,4,602947,6.63E-06
vt->ne,4,602947,6.63E-06
id->hi,4,602947,6.63E-06
ok->or,4,602947,6.63E-06
de->tn,4,602947,6.63E-06
pr->ct,4,602947,6.63E-06
ia->sd,4,602947,6.63E-06
nc->nm,4,602947,6.63E-06
de->ky,4,602947,6.63E-06
ok->nc,4,602947,6.63E-06
in->co,4,602947,6.63E-06
mi->vt,4,602947,6.63E-06
ky->hi,4,602947,6.63E-06
al->ct,4,602947,6.63E-06
ga->nm,4,602947,6.63E-06
ar->nj,4,602947,6.63E-06
ms->hi,4,602947,6.63E-06
ok->il,4,602947,6.63E-06
ct->nh,4,602947,6.63E-06
ak->ri,4,602947,6.63E-06
pa->id,4,602947,6.63E-06
la->ma,4,602947,6.63E-06
oh->sd,4,602947,6.63E-06
vi->ms,4,602947,6.63E-06
mn->vt,4,602947,6.63E-06
fl->ri,4,602947,6.63E-06
in->md,4,602947,6.63E-06
wy->ak,4,602947,6.63E-06
wa->nd,4,602947,6.63E-06
ok->nm,4,602947,6.63E-06
mi->ct,4,602947,6.63E-06
or->vt,4,602947,6.63E-06
al->mn,4,602947,6.63E-06
mt->in,4,602947,6.63E-06
de->in,4,602947,6.63E-06
hi->id,4,602947,6.63E-06
ut->de,4,602947,6.63E-06
or->nd,4,602947,6.63E-06
al->nj,4,602947,6.63E-06
wv->ak,4,602947,6.63E-06
al->ne,4,602947,6.63E-06
ut->mn,4,602947,6.63E-06
vt->nd,4,602947,6.63E-06
co->nm,4,602947,6.63E-06
oh->vt,4,602947,6.63E-06
pr->oh,4,602947,6.63E-06
al->ok,4,602947,6.63E-06
ms->md,4,602947,6.63E-06
ks->wi,4,602947,6.63E-06
mp->va,4,602947,6.63E-06
co->il,4,602947,6.63E-06
de->hi,4,602947,6.63E-06
ga->ct,4,602947,6.63E-06
ok->co,4,602947,6.63E-06
mp->md,4,602947,6.63E-06
ut->ar,4,602947,6.63E-06
vt->mt,4,602947,6.63E-06
sd->ms,4,602947,6.63E-06
nd->fl,4,602947,6.63E-06
hi->tn,4,602947,6.63E-06
sc->ar,4,602947,6.63E-06
oh->nd,4,602947,6.63E-06
sd->or,4,602947,6.63E-06
ks->pa,4,602947,6.63E-06
hi->de,4,602947,6.63E-06
ia->nd,4,602947,6.63E-06
nv->de,4,602947,6.63E-06
wv->ms,4,602947,6.63E-06
nv->or,4,602947,6.63E-06
ak->nj,4,602947,6.63E-06
ks->wy,3,602947,4.98E-06
ok->mt,3,602947,4.98E-06
pr->ms,3,602947,4.98E-06
sd->ok,3,602947,4.98E-06
vi->md,3,602947,4.98E-06
nh->il,3,602947,4.98E-06
id->mo,3,602947,4.98E-06
vi->wi,3,602947,4.98E-06
ut->mi,3,602947,4.98E-06
nd->id,3,602947,4.98E-06
ak->wy,3,602947,4.98E-06
ak->nv,3,602947,4.98E-06
me->or,3,602947,4.98E-06
me->mi,3,602947,4.98E-06
al->wy,3,602947,4.98E-06
ok->pa,3,602947,4.98E-06
dc->ut,3,602947,4.98E-06
sd->wy,3,602947,4.98E-06
in->nj,3,602947,4.98E-06
nd->ut,3,602947,4.98E-06
ne->ma,3,602947,4.98E-06
me->ok,3,602947,4.98E-06
co->nd,3,602947,4.98E-06
ia->nh,3,602947,4.98E-06
ak->me,3,602947,4.98E-06
wa->wy,3,602947,4.98E-06
ks->hi,3,602947,4.98E-06
nc->vt,3,602947,4.98E-06
mt->ny,3,602947,4.98E-06
me->ia,3,602947,4.98E-06
vi->ok,3,602947,4.98E-06
nd->or,3,602947,4.98E-06
ak->ny,3,602947,4.98E-06
ut->sc,3,602947,4.98E-06
wy->ks,3,602947,4.98E-06
de->nj,3,602947,4.98E-06
ri->id,3,602947,4.98E-06
al->ar,3,602947,4.98E-06
co->nj,3,602947,4.98E-06
ri->vt,3,602947,4.98E-06
ak->or,3,602947,4.98E-06
tn->nd,3,602947,4.98E-06
ia->vt,3,602947,4.98E-06
in->nv,3,602947,4.98E-06
ms->id,3,602947,4.98E-06
sc->ne,3,602947,4.98E-06
nd->nv,3,602947,4.98E-06
nh->ri,3,602947,4.98E-06
dc->ca,3,602947,4.98E-06
me->ks,3,602947,4.98E-06
ky->nd,3,602947,4.98E-06
nv->tn,3,602947,4.98E-06
pr->me,3,602947,4.98E-06
al->vt,3,602947,4.98E-06
tn->nm,3,602947,4.98E-06
wv->ok,3,602947,4.98E-06
id->nv,3,602947,4.98E-06
vt->nm,3,602947,4.98E-06
mt->la,3,602947,4.98E-06
id->me,3,602947,4.98E-06
nd->hi,3,602947,4.98E-06
nj->nd,3,602947,4.98E-06
wy->mi,3,602947,4.98E-06
sd->ks,3,602947,4.98E-06
vi->pa,3,602947,4.98E-06
pr->tn,3,602947,4.98E-06
wv->mo,3,602947,4.98E-06
md->tn,3,602947,4.98E-06
ks->or,3,602947,4.98E-06
nv->nh,3,602947,4.98E-06
ut->vt,3,602947,4.98E-06
sd->oh,3,602947,4.98E-06
dc->nc,3,602947,4.98E-06
ms->ne,3,602947,4.98E-06
hi->ne,3,602947,4.98E-06
ks->ar,3,602947,4.98E-06
wv->al,3,602947,4.98E-06
ne->de,3,602947,4.98E-06
nm->ct,3,602947,4.98E-06
ri->mo,3,602947,4.98E-06
nm->nd,3,602947,4.98E-06
pr->nj,3,602947,4.98E-06
ut->ne,3,602947,4.98E-06
ut->mo,3,602947,4.98E-06
nh->ut,3,602947,4.98E-06
wa->sd,3,602947,4.98E-06
ut->ok,3,602947,4.98E-06
al->mt,3,602947,4.98E-06
ri->ar,3,602947,4.98E-06
ar->in,3,602947,4.98E-06
dc->ny,3,602947,4.98E-06
vi->nc,3,602947,4.98E-06
wy->ne,3,602947,4.98E-06
dc->al,3,602947,4.98E-06
nm->ma,3,602947,4.98E-06
ky->nv,3,602947,4.98E-06
ga->wy,3,602947,4.98E-06
in->tn,3,602947,4.98E-06
ct->nm,3,602947,4.98E-06
ky->vt,3,602947,4.98E-06
dc->ct,3,602947,4.98E-06
mt->ut,3,602947,4.98E-06
mp->nj,3,602947,4.98E-06
hi->nd,3,602947,4.98E-06
or->nj,3,602947,4.98E-06
vi->ca,3,602947,4.98E-06
nm->sc,3,602947,4.98E-06
nh->nd,3,602947,4.98E-06
vi->nv,3,602947,4.98E-06
de->ma,3,602947,4.98E-06
dc->or,3,602947,4.98E-06
ri->nd,3,602947,4.98E-06
nv->nj,3,602947,4.98E-06
ut->ma,3,602947,4.98E-06
ok->sc,2,602947,3.32E-06
me->ct,2,602947,3.32E-06
mt->hi,2,602947,3.32E-06
ok->nh,2,602947,3.32E-06
dc->ms,2,602947,3.32E-06
ar->ma,2,602947,3.32E-06
wv->nv,2,602947,3.32E-06
pr->ri,2,602947,3.32E-06
mp->co,2,602947,3.32E-06
nh->id,2,602947,3.32E-06
mp->fl,2,602947,3.32E-06
ak->ma,2,602947,3.32E-06
la->sd,2,602947,3.32E-06
wi->wy,2,602947,3.32E-06
ks->nd,2,602947,3.32E-06
ms->ky,2,602947,3.32E-06
nc->wy,2,602947,3.32E-06
nc->ne,2,602947,3.32E-06
sd->ar,2,602947,3.32E-06
wv->ct,2,602947,3.32E-06
md->ar,2,602947,3.32E-06
ut->ms,2,602947,3.32E-06
nh->md,2,602947,3.32E-06
ms->wy,2,602947,3.32E-06
ia->ct,2,602947,3.32E-06
nd->pa,2,602947,3.32E-06
mp->me,2,602947,3.32E-06
dc->az,2,602947,3.32E-06
wi->ri,2,602947,3.32E-06
mp->mi,2,602947,3.32E-06
nc->sd,2,602947,3.32E-06
ut->nj,2,602947,3.32E-06
ky->ct,2,602947,3.32E-06
vi->il,2,602947,3.32E-06
nd->ky,2,602947,3.32E-06
wy->wi,2,602947,3.32E-06
pr->wi,2,602947,3.32E-06
me->co,2,602947,3.32E-06
wv->sd,2,602947,3.32E-06
nv->sd,2,602947,3.32E-06
nv->nc,2,602947,3.32E-06
nv->wi,2,602947,3.32E-06
ga->sd,2,602947,3.32E-06
de->mt,2,602947,3.32E-06
sc->nj,2,602947,3.32E-06
ga->nj,2,602947,3.32E-06
dc->ks,2,602947,3.32E-06
dc->nv,2,602947,3.32E-06
co->sd,2,602947,3.32E-06
pr->md,2,602947,3.32E-06
hi->sd,2,602947,3.32E-06
pr->il,2,602947,3.32E-06
ak->sd,2,602947,3.32E-06
me->nm,2,602947,3.32E-06
dc->ri,2,602947,3.32E-06
ne->ct,2,602947,3.32E-06
me->in,2,602947,3.32E-06
dc->ma,2,602947,3.32E-06
nd->ct,2,602947,3.32E-06
wi->ar,2,602947,3.32E-06
id->ar,2,602947,3.32E-06
hi->vt,2,602947,3.32E-06
sd->nv,2,602947,3.32E-06
wy->ms,2,602947,3.32E-06
ak->co,2,602947,3.32E-06
wi->nd,2,602947,3.32E-06
vi->mi,2,602947,3.32E-06
vi->nj,2,602947,3.32E-06
ut->ri,2,602947,3.32E-06
sc->vt,2,602947,3.32E-06
me->ar,2,602947,3.32E-06
ak->ga,2,602947,3.32E-06
mt->oh,2,602947,3.32E-06
pr->ut,2,602947,3.32E-06
ok->nj,2,602947,3.32E-06
mt->ma,2,602947,3.32E-06
hi->ma,2,602947,3.32E-06
dc->mi,2,602947,3.32E-06
nh->de,2,602947,3.32E-06
sd->hi,2,602947,3.32E-06
id->ky,2,602947,3.32E-06
id->nc,2,602947,3.32E-06
de->il,2,602947,3.32E-06
ga->nh,2,602947,3.32E-06
nd->nm,2,602947,3.32E-06
al->nh,2,602947,3.32E-06
nv->ne,2,602947,3.32E-06
mi->ri,2,602947,3.32E-06
nv->ma,2,602947,3.32E-06
vi->mo,2,602947,3.32E-06
wv->wi,2,602947,3.32E-06
dc->de,2,602947,3.32E-06
ms->or,2,602947,3.32E-06
ga->ma,2,602947,3.32E-06
ut->nm,2,602947,3.32E-06
ar->ct,2,602947,3.32E-06
ct->nd,2,602947,3.32E-06
hi->ri,2,602947,3.32E-06
ak->va,2,602947,3.32E-06
ak->pa,2,602947,3.32E-06
de->ks,2,602947,3.32E-06
nh->tn,2,602947,3.32E-06
vt->de,2,602947,3.32E-06
ks->sc,2,602947,3.32E-06
az->ri,2,602947,3.32E-06
in->ne,2,602947,3.32E-06
nd->nc,2,602947,3.32E-06
nh->nc,2,602947,3.32E-06
al->ut,2,602947,3.32E-06
ok->vt,2,602947,3.32E-06
pa->ri,2,602947,3.32E-06
sd->il,2,602947,3.32E-06
nd->ne,2,602947,3.32E-06
mt->nd,2,602947,3.32E-06
ms->sc,2,602947,3.32E-06
id->de,2,602947,3.32E-06
wy->tn,2,602947,3.32E-06
mt->wi,2,602947,3.32E-06
la->ri,2,602947,3.32E-06
ri->hi,2,602947,3.32E-06
nd->de,2,602947,3.32E-06
sd->pa,2,602947,3.32E-06
nh->ne,2,602947,3.32E-06
ok->ne,2,602947,3.32E-06
mp->ny,2,602947,3.32E-06
ak->fl,2,602947,3.32E-06
ok->wi,2,602947,3.32E-06
wy->ok,2,602947,3.32E-06
de->ri,2,602947,3.32E-06
mp->sc,2,602947,3.32E-06
ks->nv,2,602947,3.32E-06
nv->ri,2,602947,3.32E-06
mt->az,2,602947,3.32E-06
al->nd,2,602947,3.32E-06
ri->ne,2,602947,3.32E-06
ga->nd,2,602947,3.32E-06
de->wy,2,602947,3.32E-06
as->hi,2,602947,3.32E-06
pr->ky,2,602947,3.32E-06
ri->sd,2,602947,3.32E-06
wv->ut,2,602947,3.32E-06
ok->sd,1,602947,1.66E-06
sd->ma,1,602947,1.66E-06
nh->wy,1,602947,1.66E-06
mp->ia,1,602947,1.66E-06
ks->il,1,602947,1.66E-06
in->nm,1,602947,1.66E-06
vi->ma,1,602947,1.66E-06
wv->hi,1,602947,1.66E-06
ok->in,1,602947,1.66E-06
sd->ak,1,602947,1.66E-06
ar->id,1,602947,1.66E-06
al->ma,1,602947,1.66E-06
id->ks,1,602947,1.66E-06
pr->nm,1,602947,1.66E-06
mt->al,1,602947,1.66E-06
pr->ok,1,602947,1.66E-06
ms->il,1,602947,1.66E-06
me->nv,1,602947,1.66E-06
id->sd,1,602947,1.66E-06
dc->sd,1,602947,1.66E-06
wy->il,1,602947,1.66E-06
ks->ma,1,602947,1.66E-06
ok->ma,1,602947,1.66E-06
vi->mn,1,602947,1.66E-06
wy->in,1,602947,1.66E-06
ak->il,1,602947,1.66E-06
nm->vt,1,602947,1.66E-06
wy->md,1,602947,1.66E-06
ks->nh,1,602947,1.66E-06
ak->ia,1,602947,1.66E-06
dc->co,1,602947,1.66E-06
sd->sc,1,602947,1.66E-06
me->nj,1,602947,1.66E-06
vi->vt,1,602947,1.66E-06
md->sd,1,602947,1.66E-06
pr->ia,1,602947,1.66E-06
vi->hi,1,602947,1.66E-06
dc->hi,1,602947,1.66E-06
ne->nd,1,602947,1.66E-06
id->il,1,602947,1.66E-06
mi->sd,1,602947,1.66E-06
id->md,1,602947,1.66E-06
de->ne,1,602947,1.66E-06
ak->tn,1,602947,1.66E-06
id->in,1,602947,1.66E-06
me->id,1,602947,1.66E-06
dc->ga,1,602947,1.66E-06
wv->sc,1,602947,1.66E-06
mt->mn,1,602947,1.66E-06
mp->ky,1,602947,1.66E-06
dc->ok,1,602947,1.66E-06
sd->id,1,602947,1.66E-06
wv->ma,1,602947,1.66E-06
ks->de,1,602947,1.66E-06
as->va,1,602947,1.66E-06
me->md,1,602947,1.66E-06
me->hi,1,602947,1.66E-06
vt->sd,1,602947,1.66E-06
id->wi,1,602947,1.66E-06
ms->wi,1,602947,1.66E-06
me->mo,1,602947,1.66E-06
vi->ut,1,602947,1.66E-06
wy->mn,1,602947,1.66E-06
pr->az,1,602947,1.66E-06
sd->tn,1,602947,1.66E-06
md->nd,1,602947,1.66E-06
vi->me,1,602947,1.66E-06
ak->id,1,602947,1.66E-06
wy->mo,1,602947,1.66E-06
wy->sc,1,602947,1.66E-06
dc->il,1,602947,1.66E-06
nd->ri,1,602947,1.66E-06
vi->sd,1,602947,1.66E-06
ar->vt,1,602947,1.66E-06
me->il,1,602947,1.66E-06
mt->id,1,602947,1.66E-06
ak->hi,1,602947,1.66E-06
nv->nd,1,602947,1.66E-06
ak->ar,1,602947,1.66E-06
ia->nj,1,602947,1.66E-06
nh->sd,1,602947,1.66E-06
wy->ma,1,602947,1.66E-06
wv->de,1,602947,1.66E-06
ks->nj,1,602947,1.66E-06
dc->wy,1,602947,1.66E-06
as->al,1,602947,1.66E-06
ut->wy,1,602947,1.66E-06
ak->al,1,602947,1.66E-06
me->nc,1,602947,1.66E-06
ak->az,1,602947,1.66E-06
al->ri,1,602947,1.66E-06
md->wy,1,602947,1.66E-06
wv->co,1,602947,1.66E-06
mp->de,1,602947,1.66E-06
mt->ky,1,602947,1.66E-06
sd->la,1,602947,1.66E-06
me->tn,1,602947,1.66E-06
mp->ct,1,602947,1.66E-06
pr->ma,1,602947,1.66E-06
mt->de,1,602947,1.66E-06
nd->ar,1,602947,1.66E-06
me->mn,1,602947,1.66E-06
mp->ma,1,602947,1.66E-06
sd->mi,1,602947,1.66E-06
ak->nc,1,602947,1.66E-06
ak->oh,1,602947,1.66E-06
vi->ne,1,602947,1.66E-06
sd->ct,1,602947,1.66E-06
ia->ri,1,602947,1.66E-06
mt->il,1,602947,1.66E-06
sd->ut,1,602947,1.66E-06
pr->wy,1,602947,1.66E-06
ut->tn,1,602947,1.66E-06
sd->al,1,602947,1.66E-06
in->id,1,602947,1.66E-06
mt->ri,1,602947,1.66E-06
de->ar,1,602947,1.66E-06
ms->ma,1,602947,1.66E-06
ar->nd,1,602947,1.66E-06
mt->nm,1,602947,1.66E-06
ia->nm,1,602947,1.66E-06
nh->nm,1,602947,1.66E-06
mp->nm,1,602947,1.66E-06
ok->id,1,602947,1.66E-06
ak->mt,1,602947,1.66E-06
nm->tn,1,602947,1.66E-06
hi->wy,1,602947,1.66E-06
me->ky,1,602947,1.66E-06
vi->ia,1,602947,1.66E-06
pr->or,1,602947,1.66E-06
ky->nj,1,602947,1.66E-06
mp->mo,1,602947,1.66E-06
pa->nd,1,602947,1.66E-06
mp->tn,1,602947,1.66E-06
nv->vt,1,602947,1.66E-06
dc->ak,1,602947,1.66E-06
dc->sc,1,602947,1.66E-06
vi->in,1,602947,1.66E-06
ar->ne,1,602947,1.66E-06
mp->ga,1,602947,1.66E-06
me->wi,1,602947,1.66E-06
dc->pa,1,602947,1.66E-06
nm->nc,1,602947,1.66E-06
wy->hi,1,602947,1.66E-06
co->ne,1,602947,1.66E-06
ms->ct,1,602947,1.66E-06
nm->ar,1,602947,1.66E-06
ne->pa,1,602947,1.66E-06
mt->sd,1,602947,1.66E-06
ok->nv,1,602947,1.66E-06
mt->nv,1,602947,1.66E-06
ne->ri,1,602947,1.66E-06
nd->ma,1,602947,1.66E-06
la->vt,1,602947,1.66E-06
ut->ct,1,602947,1.66E-06
vi->de,1,602947,1.66E-06
ne->nm,1,602947,1.66E-06
me->nh,1,602947,1.66E-06
ak->mn,1,602947,1.66E-06
id->ok,1,602947,1.66E-06
nh->ks,1,602947,1.66E-06
mt->or,1,602947,1.66E-06
id->ne,1,602947,1.66E-06
mn->ri,1,602947,1.66E-06
vi->co,1,602947,1.66E-06
nh->sc,1,602947,1.66E-06
sd->de,1,602947,1.66E-06
wy->vt,1,602947,1.66E-06
mi->nd,1,602947,1.66E-06
oh->ri,1,602947,1.66E-06
ne->nv,1,602947,1.66E-06
dc->oh,1,602947,1.66E-06
vi->tn,1,602947,1.66E-06
nc->ri,1,602947,1.66E-06